idT,text_mark,gram,leks,punkt,orpho,diskurs,skips,extra,gram1,gram2,gram3,gram4,gram5,gram6,gram7,gram8,gram9,gram10,gram11,gram12,gram13,gram14,leks15,leks16,leks17,leks18,diskurs19,diskurs20,diskurs21,diskurs22,g1,g2,g3,numsent,numtoken,numchar
1,12,0,0,0,0,0,1,0,0,0,0,0,0,0,0,0,0,0,0,0,0,0,0,0,0,0,0,0,0,0,0,1,0,4,74,370
2,11,3,0,1,1,1,0,0,0,1,0,0,0,1,0,0,0,0,0,1,0,0,0,0,0,0,0,1,0,0,3,2,1,17,319,1464
3,12,0,0,1,0,0,0,0,0,0,0,0,0,0,0,0,0,0,0,0,0,0,0,0,0,0,0,0,0,0,1,0,0,17,311,1549
5,12,0,0,0,0,0,0,0,0,0,0,0,0,0,0,0,0,0,0,0,0,0,0,0,0,0,0,0,0,0,0,0,0,9,143,687
6,11,2,2,0,0,1,0,0,0,1,0,0,0,1,0,0,0,0,0,0,0,0,0,2,0,0,0,1,0,0,0,2,3,22,346,1655
7,12,0,0,0,0,0,0,0,0,0,0,0,0,0,0,0,0,0,0,0,0,0,0,0,0,0,0,0,0,0,0,0,0,3,60,341
8,12,0,0,0,0,0,0,0,0,0,0,0,0,0,0,0,0,0,0,0,0,0,0,0,0,0,0,0,0,0,0,0,0,3,88,478
9,10,3,1,0,2,0,0,0,0,2,0,0,0,0,0,0,0,1,0,0,0,0,0,0,0,1,0,0,0,0,2,3,1,13,227,1064
10,11,4,0,0,0,0,0,0,0,0,2,0,0,2,0,0,0,0,0,0,0,0,0,0,0,0,0,0,0,0,2,2,0,22,316,1556
19,9,2,0,4,0,0,1,0,0,1,0,0,0,0,0,0,0,1,0,0,0,0,0,0,0,0,0,0,0,0,5,2,0,5,71,408
20,12,0,0,0,0,0,1,0,0,0,0,0,0,0,0,0,0,0,0,0,0,0,0,0,0,0,0,0,0,0,0,1,0,19,325,1786
23,8,5,0,1,1,0,1,2,0,3,1,0,0,0,0,0,0,0,0,1,0,0,0,0,0,0,0,0,0,0,3,5,1,14,152,798
24,12,0,0,0,0,0,0,0,0,0,0,0,0,0,0,0,0,0,0,0,0,0,0,0,0,0,0,0,0,0,0,0,0,3,72,406
25,11,1,0,0,0,0,1,0,0,0,0,0,0,1,0,0,0,0,0,0,0,0,0,0,0,0,0,0,0,0,0,1,1,17,121,682
26,12,0,0,0,0,0,0,0,0,0,0,0,0,0,0,0,0,0,0,0,0,0,0,0,0,0,0,0,0,0,0,0,0,3,36,215
27,9,3,1,0,0,1,1,1,0,3,0,0,0,0,0,0,0,0,0,0,0,0,0,1,0,0,0,1,0,0,0,4,1,16,147,753
29,9,4,3,0,0,0,0,1,0,0,2,0,1,0,0,0,0,0,0,1,0,0,0,3,0,0,0,0,0,0,4,0,3,19,170,807
30,8,4,0,0,0,0,0,0,0,1,1,0,0,2,0,0,0,0,0,0,0,0,0,0,0,0,0,0,0,0,2,1,0,8,61,338
36,6,3,2,1,1,1,3,1,0,0,0,0,1,2,0,0,0,0,0,0,0,0,0,2,0,0,1,0,0,0,2,4,6,19,247,1075
37,9,4,2,1,0,1,0,0,0,0,2,0,0,0,0,1,0,0,0,1,0,0,0,2,0,0,0,1,0,0,3,4,1,12,134,611
39,6,3,0,4,2,3,2,2,0,0,1,0,0,0,0,0,0,0,0,2,0,0,0,0,0,0,3,0,0,0,7,6,3,22,304,1274
40,11,2,0,1,3,1,0,0,0,0,1,0,0,0,0,0,0,0,0,1,0,0,0,0,0,0,0,1,0,0,4,3,0,13,165,726
41,10,4,1,0,0,0,0,0,0,1,0,0,0,1,0,2,0,0,0,0,0,0,0,1,0,0,0,0,0,0,0,4,1,22,209,870
42,11,1,0,0,1,0,1,0,0,1,0,0,0,0,0,0,0,0,0,0,0,0,0,0,0,0,0,0,0,0,1,2,0,14,183,805
43,5,6,2,0,3,3,0,0,0,0,1,0,0,2,0,0,0,0,0,3,0,0,0,2,0,0,3,0,0,0,4,6,4,11,85,406
44,11,1,1,0,0,0,0,0,0,0,0,0,0,0,0,0,1,0,0,0,0,0,0,1,0,0,0,0,0,0,1,1,0,5,52,230
45,9,4,2,1,1,0,0,0,0,1,0,0,0,1,0,0,1,0,0,1,0,0,0,2,0,0,0,0,0,0,2,6,0,10,120,587
46,9,2,2,0,2,2,0,0,0,0,0,1,1,0,0,0,0,0,0,0,0,0,0,2,0,0,0,2,0,0,3,5,0,10,110,521
47,9,6,1,0,1,0,1,0,0,2,0,0,1,2,0,0,0,0,0,1,0,0,0,1,0,0,0,0,0,0,1,8,0,11,97,462
48,7,4,0,1,0,0,0,0,0,0,0,0,0,1,0,0,0,0,0,3,0,0,0,0,0,0,0,0,0,0,1,4,0,4,75,375
49,10,0,1,1,0,1,1,0,0,0,0,0,0,0,0,0,0,0,0,0,0,0,0,1,0,0,1,0,0,0,2,2,0,12,111,488
50,11,1,1,0,0,1,0,0,0,0,0,0,0,0,0,0,0,0,0,1,0,0,0,1,0,0,0,1,0,0,0,2,1,13,124,630
51,10,1,2,1,0,0,0,0,0,1,0,0,0,0,0,0,0,0,0,0,0,0,0,2,0,0,0,0,0,0,2,1,1,10,127,569
52,11,1,1,0,0,0,1,0,0,0,0,0,0,0,0,1,0,0,0,0,0,0,0,1,0,0,0,0,0,0,0,3,0,9,117,499
53,10,0,2,2,1,0,0,0,0,0,0,0,0,0,0,0,0,0,0,0,0,0,0,0,1,1,0,0,0,0,3,2,0,10,104,525
54,9,0,1,0,0,0,0,0,0,0,0,0,0,0,0,0,0,0,0,0,0,0,0,1,0,0,0,0,0,0,0,1,0,10,100,496
55,9,4,1,3,2,0,0,1,0,1,1,0,1,1,0,0,0,0,0,0,0,0,0,1,0,0,0,0,0,0,7,3,1,10,133,655
56,10,2,1,1,3,0,1,1,0,1,0,0,0,0,0,0,0,0,0,1,0,0,0,0,1,0,0,0,0,0,5,4,0,13,128,628
59,11,3,0,0,0,0,0,0,0,0,0,0,0,0,0,0,0,2,0,1,0,0,0,0,0,0,0,0,0,0,1,2,0,12,107,473
60,11,2,0,0,0,0,0,0,0,1,0,0,0,0,0,0,0,0,0,1,0,0,0,0,0,0,0,0,0,0,0,2,0,6,45,197
61,11,2,0,0,1,0,0,0,0,1,0,0,0,0,1,0,0,0,0,0,0,0,0,0,0,0,0,0,0,0,1,2,0,7,85,401
63,8,6,1,0,1,0,0,0,0,3,1,0,0,0,0,0,0,2,0,0,0,0,0,1,0,0,0,0,0,0,1,6,1,10,99,426
64,9,5,0,0,0,0,0,1,0,2,1,0,0,0,1,1,0,0,0,0,0,0,0,0,0,0,0,0,0,0,2,4,0,12,124,506
65,12,2,0,0,0,0,0,0,0,1,0,0,0,0,0,1,0,0,0,0,0,0,0,0,0,0,0,0,0,0,0,2,0,12,116,539
66,11,2,1,0,0,0,0,0,0,0,1,0,0,0,0,0,0,1,0,0,0,0,0,1,0,0,0,0,0,0,1,1,1,16,252,1133
68,6,3,0,0,0,0,2,2,0,0,0,0,1,1,0,0,0,0,1,0,0,0,0,0,0,0,0,0,0,0,0,5,2,12,159,705
69,12,0,0,0,0,0,1,0,0,0,0,0,0,0,0,0,0,0,0,0,0,0,0,0,0,0,0,0,0,0,0,1,0,7,55,243
70,11,2,0,0,2,0,0,0,0,1,0,0,0,1,0,0,0,0,0,0,0,0,0,0,0,0,0,0,0,0,2,2,0,6,52,231
71,6,7,0,2,2,2,1,0,0,1,1,0,0,3,0,0,0,1,0,1,0,0,0,0,0,0,0,2,0,0,2,8,2,7,84,367
72,8,9,0,0,0,0,0,0,0,1,1,0,4,1,0,1,0,0,0,1,0,0,0,0,0,0,0,0,0,0,1,6,1,6,51,236
73,11,1,0,0,2,0,0,0,0,0,1,0,0,0,0,0,0,0,0,0,0,0,0,0,0,0,0,0,0,0,1,2,0,8,104,466
74,12,3,1,0,1,0,0,0,0,0,1,0,0,0,0,0,0,0,1,1,0,0,0,1,0,0,0,0,0,0,1,3,1,17,272,1171
75,10,4,1,0,0,0,0,0,0,1,0,0,0,1,0,1,1,0,0,0,0,0,0,1,0,0,0,0,0,0,0,4,1,6,67,270
76,5,4,1,0,0,1,0,1,0,0,1,0,0,1,0,0,0,1,0,1,0,0,0,1,0,0,0,1,0,0,1,4,2,4,69,327
77,8,6,0,1,0,1,2,0,0,0,1,1,0,0,0,2,0,1,0,1,0,0,0,0,0,0,0,1,0,0,1,8,1,6,71,318
78,6,3,0,0,2,0,0,0,0,2,1,0,0,0,0,0,0,0,0,0,0,0,0,0,0,0,0,0,0,0,1,1,3,5,49,204
80,6,5,0,0,3,0,0,1,0,3,1,0,0,0,1,0,0,0,0,0,0,0,0,0,0,0,0,0,0,0,2,7,0,9,100,406
81,10,3,0,1,0,1,0,1,0,0,0,0,2,1,0,0,0,0,0,0,0,0,0,0,0,0,0,1,0,0,2,4,0,5,60,248
82,8,12,1,4,1,0,0,0,0,5,0,0,0,0,0,0,0,4,0,3,0,0,0,1,0,0,0,0,0,0,6,11,1,17,140,566
83,10,2,0,1,2,0,1,0,0,0,0,0,2,0,0,0,0,0,0,0,0,0,0,0,0,0,0,0,0,0,2,4,0,6,46,203
84,9,18,1,0,6,1,0,0,0,0,2,0,2,4,1,0,0,7,0,2,0,0,0,0,0,1,0,1,0,0,7,17,0,18,260,1407
85,11,2,0,0,0,0,0,0,0,0,0,0,0,0,1,0,0,0,0,1,0,0,0,0,0,0,0,0,0,0,0,2,0,11,90,379
87,9,4,1,0,0,0,1,0,0,0,2,0,0,0,0,0,0,0,0,2,0,0,0,1,0,0,0,0,0,0,4,2,0,8,82,355
90,8,4,4,4,1,0,0,0,0,0,1,0,1,1,0,0,0,1,0,0,0,0,0,4,0,0,0,0,0,0,6,3,4,9,108,491
91,4,4,4,0,5,1,0,0,0,0,2,0,1,0,0,0,0,0,0,1,0,0,0,2,0,2,0,1,0,0,5,5,4,7,103,494
92,11,5,1,0,1,0,0,0,0,0,0,0,2,2,0,1,0,0,0,0,0,0,0,1,0,0,0,0,0,0,1,6,0,16,142,604
93,12,0,0,0,0,0,0,0,0,0,0,0,0,0,0,0,0,0,0,0,0,0,0,0,0,0,0,0,0,0,0,0,0,15,137,547
94,11,1,0,1,0,1,0,0,0,0,0,0,0,0,0,0,0,0,0,1,0,0,0,0,0,0,0,1,0,0,2,1,0,11,113,453
95,12,0,0,0,0,0,0,0,0,0,0,0,0,0,0,0,0,0,0,0,0,0,0,0,0,0,0,0,0,0,0,0,0,16,168,727
96,12,0,0,0,0,0,0,2,0,0,0,0,0,0,0,0,0,0,0,0,0,0,0,0,0,0,0,0,0,0,0,2,0,11,143,611
97,11,3,1,0,0,0,0,0,0,0,0,0,1,1,0,0,0,0,0,1,0,0,0,0,1,0,0,0,0,0,0,4,0,14,119,525
98,12,2,0,0,0,1,0,0,0,0,0,0,0,2,0,0,0,0,0,0,0,0,0,0,0,0,0,1,0,0,0,3,0,15,124,509
99,12,1,0,0,0,0,0,0,0,0,0,0,0,0,0,0,0,0,0,1,0,0,0,0,0,0,0,0,0,0,0,1,0,8,84,395
100,10,6,3,0,2,0,0,0,0,0,0,0,3,1,0,0,0,2,0,0,0,0,0,2,0,1,0,0,0,0,0,8,1,18,200,876
101,6,7,1,0,0,1,0,1,0,2,0,0,3,1,0,1,0,0,0,0,0,0,0,1,0,0,1,0,0,0,0,9,1,8,61,290
102,9,21,0,0,1,1,0,0,0,7,4,1,1,0,0,0,0,8,0,0,0,0,0,0,0,0,0,0,0,1,5,18,0,25,351,1837
103,7,11,1,2,1,0,1,1,0,2,1,0,1,0,0,0,2,2,0,2,0,1,0,1,0,0,0,0,0,0,4,10,2,10,119,532
104,9,4,3,0,0,0,0,0,0,1,0,0,0,2,0,0,0,0,0,0,0,1,0,2,0,1,0,0,0,0,1,3,2,7,85,378
105,9,8,7,0,1,0,1,1,0,1,0,0,1,1,0,0,0,0,0,5,0,0,0,7,0,0,0,0,0,0,3,13,2,24,285,1310
106,11,2,1,0,0,0,0,0,0,2,0,0,0,0,0,0,0,0,0,0,0,0,0,0,0,1,0,0,0,0,0,3,0,19,232,1102
107,8,14,1,0,3,0,1,1,0,2,1,0,7,0,0,1,0,0,1,2,0,0,1,0,0,0,0,0,0,0,3,11,6,30,296,1425
109,8,9,4,2,2,17,1,1,0,2,1,0,0,2,0,0,0,0,2,2,0,0,0,4,0,0,0,0,0,17,5,25,4,25,357,1812
110,8,6,5,2,4,0,0,1,0,3,0,0,2,0,0,0,0,0,0,1,0,0,0,1,0,4,0,0,0,0,2,12,4,11,132,653
111,8,24,18,1,2,5,1,6,0,7,5,0,4,4,0,1,1,0,1,1,0,0,0,18,0,0,5,0,0,0,9,33,15,92,1307,6618
117,8,6,5,0,4,1,0,0,0,1,1,0,0,0,0,0,0,1,0,3,0,0,1,4,0,0,0,1,0,0,6,9,1,27,295,1450
118,9,8,4,1,2,0,0,1,0,2,1,0,2,0,0,1,0,1,0,1,0,0,0,2,0,2,0,0,0,0,7,8,1,23,276,1342
119,11,4,1,1,0,1,0,0,0,2,0,0,0,1,0,0,1,0,0,0,0,0,0,1,0,0,0,1,0,0,1,6,0,18,222,1110
120,9,6,3,0,0,0,1,0,0,2,0,0,0,2,0,0,0,0,0,2,0,0,0,3,0,0,0,0,0,0,2,7,1,25,253,1229
121,7,20,3,1,4,0,1,0,0,9,1,0,1,1,0,3,0,3,0,2,0,0,0,3,0,0,0,0,0,0,8,21,0,39,366,1727
122,9,12,3,0,1,0,0,1,0,5,0,0,3,2,0,1,0,0,1,0,0,0,0,3,0,0,0,0,0,0,1,14,2,35,455,2319
123,11,4,1,0,0,0,0,0,0,0,0,2,0,0,0,2,0,0,0,0,0,0,0,1,0,0,0,0,0,0,2,3,0,9,79,356
131,10,3,4,0,0,0,0,0,0,2,0,0,0,0,0,0,0,1,0,0,0,0,0,4,0,0,0,0,0,0,1,6,0,21,201,1032
132,10,6,1,0,0,0,0,0,0,1,1,0,1,0,0,0,0,0,0,2,0,1,0,0,1,0,0,0,0,0,1,6,0,18,214,1035
133,11,2,1,0,0,0,0,0,0,0,1,0,0,0,0,0,0,0,0,1,0,0,0,1,0,0,0,0,0,0,2,1,0,15,187,907
134,11,2,1,2,0,0,0,0,0,0,0,0,0,0,0,0,0,0,0,2,0,0,0,1,0,0,0,0,0,0,2,2,1,12,304,1570
135,12,1,0,0,0,0,0,0,0,1,0,0,0,0,0,0,0,0,0,0,0,0,0,0,0,0,0,0,0,0,0,1,0,24,488,2377
136,11,3,0,1,3,0,0,0,0,2,0,0,0,1,0,0,0,0,0,0,0,0,0,0,0,0,0,0,0,0,4,3,0,24,431,2100
137,11,5,0,1,0,0,2,0,0,0,2,0,0,1,0,0,0,0,1,1,0,0,0,0,0,0,0,0,0,0,2,5,1,19,488,2459
138,8,8,7,1,0,0,0,0,0,0,4,0,1,1,0,0,0,0,0,2,0,0,0,5,2,0,0,0,0,0,5,10,1,14,302,1533
139,12,2,1,0,0,0,0,0,0,0,1,0,0,0,0,0,0,0,1,0,0,0,0,1,0,0,0,0,0,0,1,2,0,19,245,1185
140,6,11,6,2,0,0,0,0,0,1,0,0,1,5,0,0,0,1,0,2,1,0,1,4,1,0,0,0,0,0,2,14,3,25,291,1311
141,6,7,4,1,0,2,2,1,0,2,2,0,0,0,0,0,0,1,0,0,0,2,0,2,1,1,0,2,0,0,8,5,4,23,249,1176
142,10,6,1,0,0,0,1,0,0,0,0,0,3,2,0,0,0,0,0,1,0,0,0,1,0,0,0,0,0,0,0,3,5,25,301,1418
143,6,14,2,4,9,1,3,1,0,2,5,0,2,1,0,1,0,2,0,1,0,0,0,1,1,0,0,1,0,0,18,16,0,24,359,1759
144,11,5,1,0,0,2,1,0,0,0,3,0,0,2,0,0,0,0,0,0,0,0,0,1,0,0,0,2,0,0,4,4,1,28,426,2096
145,12,1,0,0,0,0,0,0,0,0,0,0,0,0,0,0,0,0,0,1,0,0,0,0,0,0,0,0,0,0,0,1,0,29,262,1276
146,11,3,0,1,1,1,2,0,0,2,0,0,1,0,0,0,0,0,0,0,0,0,0,0,0,0,0,1,0,0,4,4,0,17,246,1006
147,1,0,0,0,0,1,0,0,0,0,0,0,0,0,0,0,0,0,0,0,0,0,0,0,0,0,1,0,0,0,0,0,0,29,262,1276
148,1,0,0,0,0,1,0,0,0,0,0,0,0,0,0,0,0,0,0,0,0,0,0,0,0,0,1,0,0,0,0,0,0,22,322,1773
149,11,5,2,0,1,0,0,0,0,0,0,0,0,4,0,0,0,0,0,1,0,0,0,2,0,0,0,0,0,0,3,5,0,26,407,1756
150,10,4,2,0,2,0,0,0,0,1,0,0,2,1,0,0,0,0,0,0,0,0,0,2,0,0,0,0,0,0,1,7,0,27,554,2590
151,9,13,0,1,1,0,1,1,0,0,6,0,2,4,0,0,0,0,1,0,0,0,0,0,0,0,0,0,0,0,8,7,2,35,487,2558
152,10,12,0,2,0,0,1,0,0,1,2,0,6,1,0,0,0,0,0,2,0,0,0,0,0,0,0,0,0,0,6,5,4,38,460,2422
153,8,11,2,0,5,0,1,1,0,3,1,0,1,1,0,2,0,0,0,3,0,0,0,2,0,0,0,0,0,0,7,11,2,32,513,2635
154,11,2,2,0,1,0,1,0,0,1,0,0,0,0,0,0,1,0,0,0,0,0,0,2,0,0,0,0,0,0,2,4,0,23,450,2300
155,6,8,3,1,1,0,3,3,0,0,1,0,3,0,0,0,0,0,0,1,0,3,0,3,0,0,0,0,0,0,5,8,6,15,293,1548
156,7,7,5,1,1,1,4,0,0,4,0,0,1,0,0,0,0,0,0,2,0,0,0,5,0,0,1,0,0,0,2,16,1,15,210,1141
157,7,5,4,0,0,2,1,0,0,0,1,0,1,0,0,0,1,0,0,2,0,0,0,4,0,0,0,2,0,0,3,7,2,13,181,906
158,8,7,3,2,0,3,2,0,0,1,0,0,2,2,0,0,0,0,0,2,0,0,0,3,0,0,0,3,0,0,3,10,4,23,424,2306
159,8,5,7,1,0,0,1,0,0,1,1,0,0,1,0,1,0,0,0,1,0,0,0,7,0,0,0,0,0,0,3,11,0,19,217,979
160,9,3,1,1,0,2,4,2,0,0,1,0,0,0,0,0,0,0,0,2,0,0,0,1,0,0,1,1,0,0,2,9,2,16,244,1189
161,10,5,1,0,5,1,0,0,0,2,1,0,0,0,0,0,0,1,0,1,0,0,0,1,0,0,0,1,0,0,3,8,1,19,243,1191
162,9,1,5,0,1,0,1,1,0,1,0,0,0,0,0,0,0,0,0,0,0,0,2,3,0,0,0,0,0,0,1,4,4,17,198,1061
163,11,1,2,0,1,0,0,0,0,0,0,0,0,0,0,0,0,0,0,1,0,0,0,2,0,0,0,0,0,0,1,3,0,15,203,1059
164,11,3,0,0,1,0,0,0,0,2,0,0,0,0,0,0,0,0,1,0,0,0,0,0,0,0,0,0,0,0,0,4,0,16,201,1210
165,10,0,0,0,4,1,0,0,0,0,0,0,0,0,0,0,0,0,0,0,0,0,0,0,0,0,1,0,0,0,2,0,3,12,186,965
166,11,6,1,3,1,0,1,0,0,1,1,0,0,1,0,0,0,1,1,1,0,0,0,1,0,0,0,0,0,0,7,4,1,25,216,943
167,10,7,0,1,0,1,0,1,0,0,0,0,1,2,0,1,0,0,0,3,0,0,0,0,0,0,0,0,0,1,3,7,0,30,374,1525
168,11,5,1,0,1,0,1,0,0,1,2,0,0,1,0,0,0,0,0,1,0,0,0,1,0,0,0,0,0,0,2,6,0,21,240,1068
169,5,10,6,0,1,0,1,1,0,5,0,0,0,3,0,1,0,0,0,1,0,0,0,5,1,0,0,0,0,0,0,18,1,17,321,1309
170,9,7,2,1,0,0,1,1,0,3,0,0,1,1,0,0,0,1,0,0,0,1,0,1,1,0,0,0,0,0,2,10,0,21,256,1264
171,8,7,4,0,0,1,1,1,0,1,1,0,0,1,0,1,1,0,0,1,0,1,0,4,0,0,0,1,0,0,2,12,0,21,314,1520
172,11,7,3,1,0,0,0,1,0,3,2,0,0,0,0,0,2,0,0,0,0,0,0,3,0,0,0,0,0,0,3,7,2,16,536,2528
173,7,7,0,1,1,0,0,0,0,2,0,0,0,0,0,0,0,1,0,3,0,1,0,0,0,0,0,0,0,0,2,7,0,11,176,848
174,7,10,3,6,1,1,0,0,0,3,1,0,0,1,0,0,0,0,0,3,0,2,0,3,0,0,0,1,0,0,10,10,1,14,210,946
175,6,12,1,2,0,0,1,0,0,2,0,1,1,1,0,0,0,2,0,5,0,0,0,0,1,0,0,0,0,0,4,11,1,12,255,1170
176,10,3,2,0,1,1,1,2,0,1,0,0,0,1,0,0,0,0,0,1,0,0,0,2,0,0,0,1,0,0,1,7,2,14,280,1208
177,10,6,1,0,5,0,0,1,0,1,2,0,0,0,0,0,0,2,0,1,0,0,0,1,0,0,0,0,0,0,6,7,0,22,177,876
178,7,9,10,0,1,3,4,1,0,1,4,0,2,0,0,1,1,0,0,0,0,0,0,10,0,0,1,2,0,0,8,17,3,28,536,2765
179,5,7,12,0,0,0,1,1,0,1,3,1,0,1,0,0,0,1,0,0,0,0,0,12,0,0,0,0,0,0,1,16,4,16,293,1735
180,10,10,0,9,0,0,1,2,0,1,0,0,0,2,0,0,0,0,0,7,0,0,0,0,0,0,0,0,0,0,11,11,0,27,326,1643
181,10,3,5,1,2,0,2,0,0,0,0,0,1,0,0,0,0,0,0,2,0,0,1,4,0,0,0,0,0,0,4,4,5,15,315,1689
182,11,1,1,0,0,0,0,0,0,0,0,0,1,0,0,0,0,0,0,0,0,0,0,1,0,0,0,0,0,0,0,2,0,13,218,1022
183,9,0,1,0,0,0,0,0,0,0,0,0,0,0,0,0,0,0,0,0,0,0,0,1,0,0,0,0,0,0,0,1,0,9,99,508
184,10,0,3,0,1,0,0,1,0,0,0,0,0,0,0,0,0,0,0,0,0,0,0,3,0,0,0,0,0,0,0,3,2,17,280,1405
185,9,2,3,0,1,3,3,4,0,0,0,0,1,1,0,0,0,0,0,0,0,0,0,3,0,0,0,3,0,0,1,13,2,22,415,2100
186,11,3,0,1,1,0,1,0,0,0,0,0,0,0,0,0,2,0,0,1,0,0,0,0,0,0,0,0,0,0,3,3,0,17,229,1078
187,10,8,2,0,0,0,1,0,0,5,1,0,0,0,0,0,1,0,1,0,0,0,0,2,0,0,0,0,0,0,3,8,0,21,356,1767
188,10,5,4,0,0,0,0,0,0,0,0,0,3,1,0,0,0,0,0,1,0,0,0,4,0,0,0,0,0,0,0,9,0,21,313,1568
189,8,4,6,0,0,0,1,1,0,0,0,0,1,0,0,0,0,0,1,2,0,0,0,6,0,0,0,0,0,0,0,10,2,20,318,1730
190,9,3,1,0,1,2,0,0,0,0,0,0,0,2,0,0,0,0,0,1,0,0,0,1,0,0,1,1,0,0,0,7,0,11,236,1132
191,11,1,3,0,2,0,0,0,0,0,0,0,0,1,0,0,0,0,0,0,0,0,0,3,0,0,0,0,0,0,1,4,1,15,373,1857
192,9,3,3,0,2,2,1,1,0,0,0,0,1,0,0,1,0,0,0,1,0,0,0,3,0,0,1,1,0,0,3,8,1,18,345,1463
193,6,8,7,1,2,2,0,0,0,1,0,0,2,4,0,0,1,0,0,0,0,0,0,7,0,0,0,1,0,1,4,15,1,25,501,2465
194,9,2,6,0,0,1,0,0,0,2,0,0,0,0,0,0,0,0,0,0,0,0,0,6,0,0,0,1,0,0,1,8,0,15,367,1746
195,10,3,1,1,3,0,0,0,0,0,0,0,2,1,0,0,0,0,0,0,0,0,0,1,0,0,0,0,0,0,4,2,2,19,373,1660
196,10,3,3,0,0,2,0,1,0,0,0,0,2,0,0,0,0,0,0,1,0,0,0,3,0,0,0,1,0,1,1,4,4,23,442,2454
197,7,4,2,0,5,0,2,1,0,1,0,0,1,2,0,0,0,0,0,0,0,0,0,2,0,0,0,0,0,0,5,6,3,14,248,1326
198,4,21,9,2,3,6,4,2,0,3,1,0,6,3,0,1,1,1,1,4,0,0,0,8,1,0,2,3,0,1,9,23,15,33,623,3021
199,7,16,3,3,2,0,3,1,0,0,1,0,12,1,0,0,1,0,0,1,0,0,0,3,0,0,0,0,0,0,6,7,15,19,355,1708
200,11,5,0,5,2,2,0,0,0,0,0,0,0,0,0,0,0,0,0,5,0,0,0,0,0,0,0,2,0,0,8,6,0,14,234,1201
201,10,4,2,0,1,0,0,0,0,1,1,0,0,1,0,0,0,0,0,1,0,0,0,2,0,0,0,0,0,0,1,6,0,22,303,1648
202,10,2,5,1,0,1,0,0,0,0,0,0,1,1,0,0,0,0,0,0,0,0,0,5,0,0,0,0,0,1,2,7,0,18,304,1524
203,11,3,1,1,0,0,3,0,0,0,0,0,0,0,0,0,0,0,0,1,0,2,0,1,0,0,0,0,0,0,1,7,0,19,304,1541
204,12,2,0,0,2,0,0,0,0,0,0,0,1,0,0,1,0,0,0,0,0,0,0,0,0,0,0,0,0,0,2,2,0,26,399,2280
205,12,1,0,0,0,0,0,0,0,0,1,0,0,0,0,0,0,0,0,0,0,0,0,0,0,0,0,0,0,0,1,0,0,16,237,1342
206,11,2,0,1,3,1,0,2,0,0,0,0,0,2,0,0,0,0,0,0,0,0,0,0,0,0,0,1,0,0,4,5,0,16,310,1408
207,11,1,0,0,0,2,0,1,0,0,0,0,1,0,0,0,0,0,0,0,0,0,0,0,0,0,1,1,0,0,2,2,0,19,297,1293
208,10,0,3,1,0,0,2,2,0,0,0,0,0,0,0,0,0,0,0,0,0,0,0,3,0,0,0,0,0,0,1,6,1,20,314,1569
209,11,2,3,0,1,0,0,0,0,0,2,0,0,0,0,0,0,0,0,0,0,0,0,2,1,0,0,0,0,0,2,4,0,19,298,1451
210,10,2,3,1,0,1,0,0,0,0,1,0,0,0,0,0,0,0,0,0,1,0,0,3,0,0,0,1,0,0,1,2,3,14,231,1157
211,10,7,1,0,1,0,0,0,0,2,3,0,0,0,0,0,0,0,0,2,0,0,0,1,0,0,0,0,0,0,3,6,0,15,216,960
212,10,5,1,1,1,0,0,0,0,1,0,0,0,1,0,0,0,1,0,2,0,0,0,1,0,0,0,0,0,0,2,6,0,18,217,1035
213,10,0,4,0,1,0,0,0,0,0,0,0,0,0,0,0,0,0,0,0,0,0,0,4,0,0,0,0,0,0,0,2,2,20,233,1079
214,10,4,3,0,0,0,0,0,0,2,1,0,0,0,0,0,0,0,0,1,0,0,0,2,0,1,0,0,0,0,2,4,1,22,233,1071
215,11,2,0,0,2,0,0,0,0,0,0,0,1,1,0,0,0,0,0,0,0,0,0,0,0,0,0,0,0,0,2,2,0,16,193,955
216,5,17,5,1,3,1,0,1,0,5,1,0,0,2,0,0,0,1,1,6,0,1,0,5,0,0,0,1,0,0,7,20,1,17,230,997
217,7,20,2,2,2,1,0,0,0,3,3,0,2,2,1,1,0,1,2,5,0,0,0,2,0,0,0,1,0,0,5,22,0,21,258,1173
218,5,14,8,0,1,2,5,4,0,1,0,0,1,0,0,0,0,0,0,11,0,1,0,7,0,1,1,1,0,0,1,25,6,31,517,2533
219,10,2,3,1,3,1,0,0,0,0,0,0,0,0,0,0,0,2,0,0,0,0,0,3,0,0,0,0,0,1,5,3,2,19,243,1119
220,12,0,0,0,0,0,0,0,0,0,0,0,0,0,0,0,0,0,0,0,0,0,0,0,0,0,0,0,0,0,0,0,0,20,188,928
221,9,6,3,1,0,0,0,0,0,0,1,0,2,0,0,0,0,1,0,2,0,0,0,3,0,0,0,0,0,0,3,7,0,14,204,936
222,10,7,2,0,0,0,0,1,0,0,0,0,1,3,0,1,0,0,1,1,0,0,0,2,0,0,0,0,0,0,0,9,1,15,302,1380
225,9,2,4,2,0,0,0,0,0,1,0,0,1,0,0,0,0,0,0,0,0,0,0,4,0,0,0,0,0,0,2,3,3,20,193,1076
228,9,4,3,0,7,1,0,0,0,2,0,0,0,0,0,1,0,0,0,1,0,0,0,3,0,0,0,1,0,0,7,7,1,19,219,994
229,10,2,2,0,0,1,1,0,0,1,0,0,0,0,0,0,0,0,0,0,0,1,0,1,0,1,0,1,0,0,2,4,0,12,102,451
230,9,6,3,0,0,0,1,0,0,1,1,0,0,0,0,1,0,2,0,1,0,0,0,3,0,0,0,0,0,0,1,8,0,24,253,1253
231,12,3,0,0,0,0,0,1,0,0,3,0,0,0,0,0,0,0,0,0,0,0,0,0,0,0,0,0,0,0,3,1,0,22,212,1066
232,7,8,2,2,6,0,0,0,0,5,1,0,0,0,0,0,0,0,0,1,0,1,0,2,0,0,0,0,0,0,8,8,2,12,109,556
233,6,15,1,0,3,0,1,1,0,4,5,0,0,1,0,3,0,2,0,0,0,0,0,1,0,0,0,0,0,0,9,12,0,18,236,1233
234,6,26,1,2,0,0,1,0,0,6,9,0,0,0,0,0,1,8,0,2,0,0,0,1,0,0,0,0,0,0,13,17,0,20,269,1432
236,7,10,3,0,1,0,0,0,0,1,0,0,2,0,0,1,0,1,0,2,0,3,0,3,0,0,0,0,0,0,2,12,0,10,155,758
237,8,9,2,2,0,0,0,0,0,0,1,0,2,1,0,0,0,0,0,5,0,0,0,2,0,0,0,0,0,0,2,9,2,12,124,533
238,8,18,0,0,0,0,4,0,0,5,10,0,1,1,0,0,0,1,0,0,0,0,0,0,0,0,0,0,0,0,14,8,0,23,231,1167
239,11,5,1,0,0,0,0,1,0,0,4,0,0,1,0,0,0,0,0,0,0,0,0,1,0,0,0,0,0,0,5,1,1,20,236,1178
240,12,1,1,0,0,0,0,0,0,0,0,0,0,1,0,0,0,0,0,0,0,0,0,1,0,0,0,0,0,0,0,2,0,15,177,791
241,10,3,0,0,0,1,0,1,0,1,0,0,1,0,0,0,0,0,0,1,0,0,0,0,0,0,0,1,0,0,0,4,1,16,191,849
242,10,3,1,0,0,0,2,0,0,0,0,0,0,0,0,0,0,1,0,2,0,0,0,1,0,0,0,0,0,0,0,3,2,14,146,706
243,12,1,0,0,0,0,0,0,0,1,0,0,0,0,0,0,0,0,0,0,0,0,0,0,0,0,0,0,0,0,0,1,0,11,109,474
244,11,1,1,0,1,0,0,0,0,0,0,0,0,0,0,0,0,1,0,0,0,0,0,1,0,0,0,0,0,0,0,3,0,8,96,420
245,9,1,0,0,9,0,0,0,0,0,0,0,0,0,0,1,0,0,0,0,0,0,0,0,0,0,0,0,0,0,8,1,1,10,117,521
246,6,20,3,2,0,0,2,0,0,1,7,0,0,1,0,0,1,2,0,6,1,1,0,3,0,0,0,0,0,0,11,16,0,10,160,735
247,6,26,0,1,0,0,2,0,0,9,8,0,0,0,0,1,0,6,0,2,0,0,0,0,0,0,0,0,0,0,10,19,0,22,223,1122
248,6,25,0,0,0,0,0,0,0,8,7,0,0,0,0,0,0,9,0,1,0,0,0,0,0,0,0,0,0,0,8,17,0,15,206,958
249,10,5,1,1,0,0,0,2,0,0,0,0,2,2,0,0,0,0,0,0,0,1,0,1,0,0,0,0,0,0,1,5,3,11,162,756
250,8,9,2,1,1,0,0,0,0,1,1,0,0,0,0,1,1,1,0,2,0,2,0,2,0,0,0,0,0,0,1,9,3,10,122,557
251,11,1,1,1,0,0,2,0,0,0,0,0,1,0,0,0,0,0,0,0,0,0,0,1,0,0,0,0,0,0,1,3,1,17,144,645
252,12,0,0,0,0,0,0,0,0,0,0,0,0,0,0,0,0,0,0,0,0,0,0,0,0,0,0,0,0,0,0,0,0,6,85,418
254,9,11,1,1,1,0,2,0,0,1,3,0,0,2,0,0,2,0,0,0,0,3,0,1,0,0,0,0,0,0,7,8,1,13,151,661
255,10,6,3,0,0,0,1,0,0,2,3,0,0,0,0,1,0,0,0,0,0,0,0,3,0,0,0,0,0,0,3,7,0,20,192,904
256,11,2,0,0,0,0,1,0,0,0,0,0,1,1,0,0,0,0,0,0,0,0,0,0,0,0,0,0,0,0,0,2,1,16,164,746
257,10,6,0,0,0,0,0,0,0,0,2,0,1,0,0,0,0,1,0,2,0,0,0,0,0,0,0,0,0,0,1,4,0,11,112,460
258,11,1,1,0,0,0,0,0,0,1,0,0,0,0,0,0,0,0,0,0,0,0,0,0,1,0,0,0,0,0,0,1,1,12,128,578
259,11,4,0,0,0,0,0,0,0,0,2,0,0,0,0,0,0,1,0,1,0,0,0,0,0,0,0,0,0,0,2,2,0,21,222,1167
260,11,1,3,0,0,0,0,0,0,0,0,0,1,0,0,0,0,0,0,0,0,0,0,3,0,0,0,0,0,0,0,2,2,21,265,1108
261,8,2,1,3,0,0,5,0,0,1,0,0,1,0,0,0,0,0,0,0,0,0,0,1,0,0,0,0,0,0,2,5,4,14,200,890
262,9,7,1,0,3,0,1,5,0,0,0,0,0,0,0,0,0,3,0,4,0,0,0,1,0,0,0,0,0,0,4,10,3,12,217,1093
263,9,3,0,0,0,1,1,0,0,1,1,0,0,0,0,1,0,0,0,0,0,0,0,0,0,0,0,0,0,1,1,1,3,8,95,426
264,5,13,2,2,2,0,0,0,0,1,2,0,2,1,0,0,1,3,0,3,0,0,1,1,0,0,0,0,0,0,4,11,2,10,102,506
265,9,9,0,0,3,0,0,1,0,4,2,0,0,0,0,1,0,2,0,0,0,0,0,0,0,0,0,0,0,0,4,9,0,22,243,1208
266,9,13,0,0,1,0,2,0,0,5,2,0,0,0,0,0,1,1,0,3,0,1,0,0,0,0,0,0,0,0,4,12,0,25,355,1752
267,7,12,3,2,2,0,1,2,0,1,1,0,1,2,0,0,0,0,0,6,0,1,0,3,0,0,0,0,0,0,6,15,1,16,159,714
268,9,8,0,0,1,0,0,0,0,2,0,0,0,0,0,0,0,2,0,3,0,1,0,0,0,0,0,0,0,0,1,8,0,19,174,848
269,11,5,1,0,1,0,0,1,0,1,3,1,0,0,0,0,0,0,0,0,0,0,1,0,0,0,0,0,0,0,3,5,0,11,128,594
270,11,2,1,0,2,0,0,0,0,1,1,0,0,0,0,0,0,0,0,0,0,0,0,1,0,0,0,0,0,0,1,4,0,20,216,927
271,11,4,0,0,1,0,0,0,0,1,1,0,0,0,0,2,0,0,0,0,0,0,0,0,0,0,0,0,0,0,1,4,0,18,194,881
272,11,2,1,0,0,0,0,0,0,0,0,0,1,0,0,0,0,0,0,1,0,0,0,1,0,0,0,0,0,0,0,3,0,19,217,1028
273,10,5,1,2,1,0,1,1,0,1,1,0,1,0,0,1,0,1,0,0,0,0,0,1,0,0,0,0,0,0,3,6,2,20,291,1525
274,6,16,3,0,1,0,0,1,0,4,7,0,0,0,0,0,0,5,0,0,0,0,0,3,0,0,0,0,0,0,9,11,1,21,226,1092
275,11,4,0,0,1,0,1,0,0,1,0,0,1,0,0,0,0,0,0,1,0,1,0,0,0,0,0,0,0,0,0,6,0,19,221,1122
276,3,13,15,0,6,0,0,0,0,7,0,0,1,1,0,1,0,0,0,3,0,0,0,10,0,5,0,0,0,0,2,23,9,8,117,530
277,6,15,6,0,0,0,0,0,0,2,3,2,1,2,0,1,0,0,0,4,0,0,2,4,0,0,0,0,0,0,2,16,0,40,240,921
278,9,7,3,0,2,0,1,1,0,0,0,0,0,1,0,0,0,0,0,4,0,2,0,3,0,0,0,0,0,0,0,13,1,39,253,959
279,8,9,3,0,0,1,1,2,0,0,0,0,1,7,0,0,0,0,0,0,0,1,0,3,0,0,0,1,0,0,4,6,6,23,289,1278
280,8,10,3,3,0,1,0,0,0,0,5,0,0,0,0,2,1,0,0,1,0,1,0,3,0,0,0,1,0,0,9,6,2,15,174,793
281,10,7,3,0,1,1,0,1,0,3,2,0,1,0,0,1,0,0,0,0,0,0,0,3,0,0,0,0,0,1,5,8,0,18,212,860
282,12,3,1,0,0,0,0,0,0,0,0,0,0,1,0,0,0,0,0,2,0,0,0,1,0,0,0,0,0,0,1,3,0,30,202,830
283,10,6,0,0,1,0,0,0,0,0,0,1,1,0,0,0,1,0,0,3,0,0,0,0,0,0,0,0,0,0,1,6,0,17,162,796
284,10,2,2,2,3,0,0,0,0,0,0,0,2,0,0,0,0,0,0,0,0,0,0,2,0,0,0,0,0,0,4,4,1,16,112,507
285,10,2,0,1,0,1,0,1,0,0,0,0,0,0,0,2,0,0,0,0,0,0,0,0,0,0,0,1,0,0,1,4,0,7,78,405
286,9,5,4,1,0,0,0,0,0,1,0,0,1,1,0,0,0,0,0,2,0,0,0,4,0,0,0,0,0,0,1,6,3,20,197,901
287,10,4,0,3,0,0,3,0,0,0,0,0,0,1,0,0,0,0,0,3,0,0,0,0,0,0,0,0,0,0,4,4,1,19,261,1204
288,10,6,0,0,0,0,0,0,0,1,0,0,0,2,0,0,0,0,0,3,0,0,0,0,0,0,0,0,0,0,0,6,0,15,145,687
289,10,2,1,1,3,0,1,1,0,0,0,0,0,0,0,0,0,0,0,1,0,1,0,1,0,0,0,0,0,0,3,6,0,18,208,937
290,11,1,3,1,1,0,0,0,0,1,0,0,0,0,0,0,0,0,0,0,0,0,0,3,0,0,0,0,0,0,2,4,0,18,157,809
291,11,1,1,0,0,0,1,0,0,0,0,0,0,0,0,0,0,0,0,1,0,0,0,1,0,0,0,0,0,0,0,2,1,26,410,1962
292,9,4,0,1,2,0,3,0,0,0,0,0,1,1,0,0,0,0,0,1,0,1,0,0,0,0,0,0,0,0,3,6,1,18,276,1329
293,9,5,5,1,0,0,0,0,0,1,0,0,0,1,0,0,0,2,0,1,0,0,0,5,0,0,0,0,0,0,1,9,1,19,276,1342
294,9,3,1,0,3,0,0,0,0,0,1,0,0,1,0,0,0,0,0,1,0,0,0,1,0,0,0,0,0,0,3,1,3,20,342,1675
295,10,3,0,0,1,0,1,0,0,2,1,0,0,0,0,0,0,0,0,0,0,0,0,0,0,0,0,0,0,0,2,3,0,21,301,1688
296,9,5,2,2,3,0,0,0,0,1,0,0,0,1,0,0,0,0,0,3,0,0,0,2,0,0,0,0,0,0,4,8,0,16,250,1347
297,6,15,2,1,0,0,0,0,0,4,1,0,2,1,0,1,0,0,1,4,0,1,0,2,0,0,0,0,0,0,4,12,2,16,142,680
298,10,10,0,2,0,1,1,0,0,3,1,1,0,1,0,0,0,3,0,1,0,0,0,0,0,0,0,0,0,1,4,9,0,21,296,1574
299,11,4,0,1,0,1,1,0,0,0,0,0,1,0,0,0,0,2,0,1,0,0,0,0,0,0,0,0,0,1,2,5,0,22,291,1500
300,10,5,0,1,4,0,1,0,0,2,1,0,0,2,0,0,0,0,0,0,0,0,0,0,0,0,0,0,0,0,3,6,0,15,159,711
301,11,2,1,0,0,0,0,0,0,1,0,0,0,0,0,0,0,1,0,0,0,0,0,1,0,0,0,0,0,0,0,3,0,22,234,1071
302,9,12,4,0,1,0,0,0,0,1,5,0,1,2,0,0,0,1,0,2,0,0,0,4,0,0,0,0,0,0,7,10,0,23,294,1427
303,4,15,9,1,2,0,1,0,0,0,2,1,2,2,0,0,0,1,0,6,1,0,1,8,0,0,0,0,0,0,4,21,3,9,109,515
304,7,21,2,0,2,0,0,0,0,6,6,1,5,0,0,1,0,0,0,2,0,0,0,2,0,0,0,0,0,0,5,14,2,15,196,881
305,6,16,1,0,7,0,0,0,0,11,2,2,0,0,0,0,0,1,0,0,0,0,0,1,0,0,0,0,0,0,2,19,3,15,142,598
306,5,19,11,4,1,0,0,0,0,0,1,2,2,2,0,1,4,1,1,5,0,0,0,4,1,6,0,0,0,0,5,25,5,22,227,1019
307,8,20,0,1,1,1,1,0,0,8,4,0,0,0,0,0,0,8,0,0,0,0,0,0,0,0,0,1,0,0,5,19,0,25,351,1837
308,7,29,0,1,1,1,1,0,0,8,10,0,2,1,0,0,0,7,0,1,0,0,0,0,0,0,0,0,0,1,11,20,0,25,345,1755
309,5,19,2,6,9,1,1,0,0,1,4,0,4,3,0,3,1,1,0,2,0,0,0,2,0,0,0,0,0,1,16,20,2,16,173,806
310,11,6,0,0,2,1,0,0,0,3,1,0,0,0,0,0,0,2,0,0,0,0,0,0,0,0,0,0,0,1,3,6,0,18,200,962
311,9,9,1,0,6,2,0,0,0,4,4,0,0,0,0,0,0,0,0,1,0,0,0,1,0,0,0,1,0,1,9,8,1,26,308,1465
312,9,16,0,0,2,1,0,0,0,5,0,0,0,2,0,1,0,5,0,3,0,0,0,0,0,0,0,0,0,1,3,16,0,17,169,836
313,9,7,2,1,0,0,1,0,0,3,0,0,0,1,0,0,0,0,0,3,0,0,1,1,0,0,0,0,0,0,0,6,0,11,123,582
314,3,28,6,2,5,0,3,0,0,3,8,0,1,0,0,1,2,3,0,10,0,0,0,2,0,4,0,0,0,0,15,23,6,9,179,814
315,9,12,0,0,0,0,0,0,0,5,0,0,0,0,0,0,0,6,0,1,0,0,0,0,0,0,0,0,0,0,0,12,0,18,192,1026
316,6,30,0,3,1,0,1,2,0,8,5,1,2,1,0,0,0,10,0,3,0,0,0,0,0,0,0,0,0,0,8,27,1,15,222,1091
317,6,17,0,3,1,0,3,0,0,3,4,0,0,5,0,1,1,0,0,1,0,2,0,0,0,0,0,0,0,0,8,14,1,17,240,1126
318,4,24,6,0,0,0,1,1,0,1,0,1,0,6,0,0,0,1,1,11,0,3,0,5,0,1,0,0,0,0,2,25,5,18,224,993
319,11,4,0,0,0,0,0,0,0,1,1,0,0,1,0,1,0,0,0,0,0,0,0,0,0,0,0,0,0,0,0,3,1,20,321,1544
320,10,1,2,0,0,5,0,0,0,0,0,0,1,0,0,0,0,0,0,0,0,0,0,2,0,0,0,3,0,2,1,7,0,12,187,885
321,11,3,3,0,0,0,0,0,0,0,0,0,0,3,0,0,0,0,0,0,0,0,0,3,0,0,0,0,0,0,0,6,0,18,252,1239
322,10,2,5,1,0,1,0,1,0,0,0,0,1,0,0,0,0,0,1,0,0,0,0,5,0,0,0,1,0,0,1,4,5,29,483,2217
323,10,5,4,2,0,0,0,0,0,1,0,0,0,2,0,0,0,0,1,1,0,0,0,3,1,0,0,0,0,0,2,8,1,19,352,1601
324,10,2,1,0,0,1,1,1,0,0,0,0,2,0,0,0,0,0,0,0,0,0,0,1,0,0,0,1,0,0,0,5,1,23,307,1478
325,12,2,0,0,1,0,0,0,0,1,1,0,0,0,0,0,0,0,0,0,0,0,0,0,0,0,0,0,0,0,2,1,0,19,242,1128
326,10,3,3,0,0,0,0,0,0,2,0,0,0,0,0,0,0,0,1,0,0,0,0,3,0,0,0,0,0,0,0,5,1,21,282,1481
327,9,3,1,2,0,0,1,0,0,1,0,0,0,0,0,0,0,0,0,1,0,1,0,1,0,0,0,0,0,0,2,4,1,17,213,1150
328,10,5,0,1,2,0,0,0,0,2,2,0,0,1,0,0,0,0,0,0,0,0,0,0,0,0,0,0,0,0,4,4,0,16,252,1312
329,12,0,0,0,0,0,0,0,0,0,0,0,0,0,0,0,0,0,0,0,0,0,0,0,0,0,0,0,0,0,0,0,0,16,179,984
330,10,1,3,1,2,0,0,1,0,1,0,0,0,0,0,0,0,0,0,0,0,0,0,3,0,0,0,0,0,0,3,3,2,64,961,4818
331,10,5,2,0,1,0,0,0,0,0,1,0,0,3,0,0,0,0,0,1,0,0,0,2,0,0,0,0,0,0,2,6,0,13,287,1402
332,9,3,2,0,1,2,2,1,0,1,0,0,0,1,0,1,0,0,0,0,0,0,0,2,0,0,0,0,0,2,2,5,4,21,463,2450
333,8,3,10,1,1,1,6,1,0,0,1,0,0,0,0,0,0,0,0,2,0,0,0,9,1,0,0,0,0,1,6,12,5,22,412,2003
334,12,0,0,0,0,0,0,0,0,0,0,0,0,0,0,0,0,0,0,0,0,0,0,0,0,0,0,0,0,0,0,0,0,13,295,1310
335,10,2,3,0,0,0,0,0,0,1,0,0,0,0,0,0,0,0,0,1,0,0,0,3,0,0,0,0,0,0,0,4,1,16,292,1362
336,10,14,1,1,1,0,0,0,0,0,6,0,2,1,0,1,1,2,0,0,0,1,0,1,0,0,0,0,0,0,7,10,0,27,351,1643
337,10,4,1,2,0,1,0,0,0,2,0,0,0,0,0,0,0,0,0,1,0,1,0,1,0,0,0,1,0,0,1,7,0,19,248,1318
338,12,0,0,0,0,0,0,0,0,0,0,0,0,0,0,0,0,0,0,0,0,0,0,0,0,0,0,0,0,0,0,0,0,12,239,1108
339,7,6,3,1,0,1,2,0,0,1,0,0,0,0,0,0,0,1,0,3,0,1,0,3,0,0,1,0,0,0,2,7,4,11,175,828
340,10,4,1,2,0,0,4,1,0,0,0,0,0,0,0,1,0,0,0,3,0,0,0,1,0,0,0,0,0,0,2,9,1,15,213,1040
341,11,0,2,0,0,0,0,0,0,0,0,0,0,0,0,0,0,0,0,0,0,0,0,2,0,0,0,0,0,0,0,2,0,14,181,866
342,12,0,1,0,0,0,0,1,0,0,0,0,0,0,0,0,0,0,0,0,0,0,0,1,0,0,0,0,0,0,1,1,0,16,247,1313
343,8,9,3,0,0,5,1,2,0,0,0,0,7,1,0,0,0,0,0,1,0,0,0,3,0,0,1,2,0,2,0,10,10,16,244,1161
344,10,2,2,0,0,1,0,1,0,0,0,0,1,0,0,0,0,0,0,1,0,0,0,2,0,0,0,1,0,0,0,4,2,13,165,877
345,10,3,3,0,3,0,0,0,0,0,0,0,0,0,0,0,1,0,0,2,0,0,0,3,0,0,0,0,0,0,3,4,2,27,441,2334
346,12,1,0,1,0,0,0,0,0,0,0,0,1,0,0,0,0,0,0,0,0,0,0,0,0,0,0,0,0,0,1,1,0,16,306,1700
347,11,1,1,2,0,1,1,1,0,0,1,0,0,0,0,0,0,0,0,0,0,0,0,1,0,0,0,1,0,0,2,3,1,15,273,1431
348,11,3,3,1,0,4,0,1,0,1,1,0,0,0,0,0,0,0,0,1,0,0,0,3,0,0,0,4,0,0,3,7,2,22,403,2157
349,9,5,13,3,2,8,5,3,0,0,0,0,1,0,0,1,0,1,0,2,0,0,0,13,0,0,1,7,0,0,4,22,13,62,1102,5633
350,9,1,2,8,5,1,6,2,0,0,0,0,0,0,0,0,0,0,1,0,0,0,0,2,0,0,1,0,0,0,11,4,10,22,407,2539
351,10,3,1,1,2,2,3,1,0,0,0,0,0,1,0,1,0,0,0,1,0,0,0,1,0,0,0,1,0,1,6,5,2,6,230,1163
352,11,0,0,0,0,0,2,1,0,0,0,0,0,0,0,0,0,0,0,0,0,0,0,0,0,0,0,0,0,0,1,1,1,7,188,965
353,11,0,0,0,0,4,0,1,0,0,0,0,0,0,0,0,0,0,0,0,0,0,0,0,0,0,0,4,0,0,0,4,0,4,216,997
354,10,3,4,0,0,1,1,0,0,0,0,0,0,2,0,0,0,0,1,0,0,0,0,4,0,0,0,1,0,0,0,6,3,10,269,1369
355,5,21,4,6,3,5,4,4,0,0,3,2,1,1,1,1,2,0,0,10,0,0,0,2,1,1,0,5,0,0,13,24,10,31,690,3533
356,10,6,3,2,1,0,1,2,0,1,0,0,0,1,0,1,2,1,0,0,0,0,0,3,0,0,0,0,0,0,6,7,2,22,429,2057
357,10,13,2,0,3,0,1,2,0,4,1,0,0,0,0,0,3,2,0,3,0,0,1,1,0,0,0,0,0,0,5,15,1,27,666,3665
358,3,10,3,0,2,0,0,0,0,7,0,0,0,1,0,0,0,0,0,2,0,0,0,1,2,0,0,0,0,0,0,14,1,13,171,741
359,11,0,1,0,0,3,0,0,0,0,0,0,0,0,0,0,0,0,0,0,0,0,0,1,0,0,2,1,0,0,1,2,1,15,251,1102
360,10,1,1,0,0,5,0,0,0,1,0,0,0,0,0,0,0,0,0,0,0,0,0,1,0,0,4,1,0,0,0,4,3,30,476,2194
361,10,2,3,3,3,3,1,0,0,0,0,0,0,0,0,1,1,0,0,0,0,0,0,3,0,0,0,3,0,0,7,5,3,42,565,2656
362,12,1,1,0,0,0,1,1,0,0,1,0,0,0,0,0,0,0,0,0,0,0,0,1,0,0,0,0,0,0,0,4,0,43,621,2762
363,10,2,1,0,2,1,0,0,0,0,0,0,1,0,0,0,0,0,0,1,0,0,0,1,0,0,0,1,0,0,1,3,2,27,412,1812
364,12,0,0,0,0,1,0,0,0,0,0,0,0,0,0,0,0,0,0,0,0,0,0,0,0,0,0,0,0,1,0,1,0,15,209,967
365,10,5,4,0,0,1,2,0,0,2,0,0,0,1,0,0,0,0,0,2,0,0,0,3,1,0,0,0,0,1,0,9,3,32,416,2005
366,10,5,0,3,1,0,1,0,0,1,0,0,0,1,0,0,0,0,0,3,0,0,0,0,0,0,0,0,0,0,4,6,0,17,398,1991
367,11,2,8,0,0,1,0,0,0,0,0,0,0,0,0,0,0,0,0,1,0,1,0,6,2,0,0,1,0,0,0,4,7,35,508,2385
368,10,5,2,1,0,3,1,0,0,1,2,0,0,0,0,0,2,0,0,0,0,0,0,2,0,0,1,2,0,0,6,3,3,15,445,2078
369,11,6,3,4,0,0,0,0,0,0,2,0,4,0,0,0,0,0,0,0,0,0,1,2,0,0,0,0,0,0,5,7,1,32,735,3507
370,12,0,0,0,0,0,0,0,0,0,0,0,0,0,0,0,0,0,0,0,0,0,0,0,0,0,0,0,0,0,0,0,0,9,135,597
371,10,3,18,1,0,0,0,0,0,0,0,0,0,1,0,0,0,0,0,2,0,0,1,17,0,0,0,0,0,0,3,3,16,45,807,3832
372,12,0,0,0,0,0,0,0,0,0,0,0,0,0,0,0,0,0,0,0,0,0,0,0,0,0,0,0,0,0,0,0,0,13,276,1309
373,12,0,0,0,1,0,0,0,0,0,0,0,0,0,0,0,0,0,0,0,0,0,0,0,0,0,0,0,0,0,1,0,0,13,457,2319
374,11,0,5,2,0,0,1,1,0,0,0,0,0,0,0,0,0,0,0,0,0,0,0,5,0,0,0,0,0,0,2,7,0,57,848,4176
375,12,1,1,0,0,0,1,0,0,1,0,0,0,0,0,0,0,0,0,0,0,0,0,1,0,0,0,0,0,0,0,3,0,25,399,1881
376,12,0,1,0,0,0,0,0,0,0,0,0,0,0,0,0,0,0,0,0,0,0,0,1,0,0,0,0,0,0,0,1,0,12,122,560
377,11,4,0,0,1,1,1,0,0,0,0,0,0,2,0,0,1,0,0,1,0,0,0,0,0,0,0,1,0,0,2,4,1,43,575,2560
378,12,0,0,0,0,0,0,0,0,0,0,0,0,0,0,0,0,0,0,0,0,0,0,0,0,0,0,0,0,0,0,0,0,8,93,461
379,9,2,2,0,0,1,3,1,0,1,0,0,0,0,0,0,0,0,0,1,0,0,0,1,1,0,0,0,0,1,1,8,0,11,227,1088
380,10,2,3,0,0,0,1,1,0,0,1,0,0,1,0,0,0,0,0,0,0,0,0,2,0,1,0,0,0,0,2,3,1,21,341,1728
381,11,4,1,1,1,1,0,0,0,3,0,0,0,0,0,0,0,0,0,1,0,0,0,1,0,0,1,0,0,0,2,6,0,28,379,1831
382,11,2,0,2,1,0,1,0,0,1,0,0,0,1,0,0,0,0,0,0,0,0,0,0,0,0,0,0,0,0,3,3,0,9,268,1465
383,11,3,1,0,0,0,0,0,0,2,0,0,0,0,0,0,0,1,0,0,0,0,0,1,0,0,0,0,0,0,0,4,0,22,285,1447
384,9,2,1,0,0,1,0,0,0,0,0,0,2,0,0,0,0,0,0,0,0,0,0,1,0,0,1,0,0,0,0,3,1,12,312,1665
385,10,2,1,0,0,0,1,1,0,0,0,0,1,0,0,0,0,0,0,1,0,0,0,1,0,0,0,0,0,0,1,4,0,11,231,1086
386,11,2,0,0,0,0,1,0,0,1,0,0,1,0,0,0,0,0,0,0,0,0,0,0,0,0,0,0,0,0,0,2,1,8,218,1153
387,10,2,5,0,2,1,0,0,0,0,0,0,2,0,0,0,0,0,0,0,0,0,0,5,0,0,0,1,0,0,4,6,0,29,425,2058
388,12,1,2,1,0,0,0,0,0,0,0,0,0,1,0,0,0,0,0,0,0,0,0,2,0,0,0,0,0,0,3,1,0,39,481,2275
389,11,0,2,0,0,0,0,0,0,0,0,0,0,0,0,0,0,0,0,0,0,0,0,2,0,0,0,0,0,0,0,1,1,24,323,1459
390,12,0,0,1,1,1,0,0,0,0,0,0,0,0,0,0,0,0,0,0,0,0,0,0,0,0,0,0,0,1,2,1,0,12,381,1942
391,12,3,0,0,1,0,0,0,0,0,0,0,0,1,0,1,0,0,0,1,0,0,0,0,0,0,0,0,0,0,1,3,0,30,401,1839
392,11,0,1,0,0,0,0,0,0,0,0,0,0,0,0,0,0,0,0,0,0,0,0,1,0,0,0,0,0,0,0,1,0,11,126,637
393,11,4,2,0,0,0,0,0,0,0,0,0,2,2,0,0,0,0,0,0,0,0,0,2,0,0,0,0,0,0,0,5,1,32,440,2170
394,11,4,1,2,1,0,0,0,0,1,1,0,1,1,0,0,0,0,0,0,0,0,0,1,0,0,0,0,0,0,4,3,1,28,413,2152
395,10,1,1,3,4,0,2,0,0,1,0,0,0,0,0,0,0,0,0,0,0,0,0,1,0,0,0,0,0,0,6,4,1,26,488,2358
396,12,0,1,0,0,0,0,0,0,0,0,0,0,0,0,0,0,0,0,0,0,0,0,1,0,0,0,0,0,0,0,0,1,30,593,2921
397,12,0,0,0,0,0,0,0,0,0,0,0,0,0,0,0,0,0,0,0,0,0,0,0,0,0,0,0,0,0,0,0,0,23,388,1830
398,10,1,3,0,0,1,0,0,0,0,0,0,0,0,0,0,0,0,0,1,0,0,0,3,0,0,0,1,0,0,0,3,2,19,310,1440
399,11,0,1,0,0,0,0,0,0,0,0,0,0,0,0,0,0,0,0,0,0,0,0,1,0,0,0,0,0,0,0,1,0,6,92,436
400,12,0,1,0,2,0,0,2,0,0,0,0,0,0,0,0,0,0,0,0,0,0,0,1,0,0,0,0,0,0,3,2,0,42,566,2674
401,12,4,1,2,0,0,1,0,0,0,2,0,1,0,0,0,0,0,0,1,0,0,0,1,0,0,0,0,0,0,5,2,1,55,727,3462
402,11,2,0,1,1,0,0,3,0,0,0,0,0,2,0,0,0,0,0,0,0,0,0,0,0,0,0,0,0,0,3,4,0,21,444,2155
403,10,4,0,1,0,0,0,0,0,0,0,0,3,1,0,0,0,0,0,0,0,0,0,0,0,0,0,0,0,0,1,4,0,5,151,721
404,11,2,1,1,0,0,0,0,0,0,0,0,0,1,0,0,0,0,0,1,0,0,0,1,0,0,0,0,0,0,1,3,0,15,296,1369
405,11,3,2,0,0,0,1,0,0,0,0,0,1,1,0,1,0,0,0,0,0,0,0,2,0,0,0,0,0,0,3,3,0,33,457,2281
406,10,7,2,2,0,1,0,0,0,2,2,0,2,1,0,0,0,0,0,0,0,0,0,2,0,0,1,0,0,0,4,7,1,25,338,1784
407,12,1,0,0,1,0,0,0,0,0,0,0,0,1,0,0,0,0,0,0,0,0,0,0,0,0,0,0,0,0,2,0,0,12,135,631
408,11,5,0,0,0,0,0,0,0,0,0,0,0,2,0,0,0,1,0,0,0,2,0,0,0,0,0,0,0,0,1,4,0,17,241,1080
409,9,7,2,3,4,1,1,1,0,2,1,0,2,2,0,0,0,0,0,0,0,0,0,2,0,0,1,0,0,0,10,7,2,41,530,2423
410,10,4,0,6,2,1,0,0,0,1,0,0,0,0,0,0,0,0,1,2,0,0,0,0,0,0,0,1,0,0,7,6,0,38,524,2307
411,12,0,0,0,0,0,1,0,0,0,0,0,0,0,0,0,0,0,0,0,0,0,0,0,0,0,0,0,0,0,0,1,0,14,161,756
412,10,6,1,1,2,0,1,0,0,1,1,0,0,3,0,1,0,0,0,0,0,0,0,1,0,0,0,0,0,0,4,6,1,21,272,1290
413,11,2,0,1,4,0,0,2,0,1,1,0,0,0,0,0,0,0,0,0,0,0,0,0,0,0,0,0,0,0,8,1,0,17,298,1446
414,7,12,4,2,5,0,2,1,0,3,0,0,2,0,0,0,0,3,0,3,0,1,0,4,0,0,0,0,0,0,8,13,5,36,487,2288
415,10,3,2,0,2,0,0,0,0,0,0,0,0,1,1,0,0,0,0,1,0,0,0,2,0,0,0,0,0,0,3,1,3,19,500,2320
416,9,7,3,1,4,1,0,1,0,2,1,0,1,0,0,0,1,0,1,1,0,0,0,3,0,0,1,0,0,0,5,10,2,43,679,3130
417,7,1,1,0,0,1,0,0,0,0,0,0,0,1,0,0,0,0,0,0,0,0,0,1,0,0,1,0,0,0,0,2,1,5,71,362
418,11,0,0,0,0,0,1,0,0,0,0,0,0,0,0,0,0,0,0,0,0,0,0,0,0,0,0,0,0,0,0,1,0,8,83,396
419,11,1,0,1,0,0,0,2,0,0,0,0,0,1,0,0,0,0,0,0,0,0,0,0,0,0,0,0,0,0,1,3,0,2,76,438
420,11,3,3,0,0,0,0,0,0,1,1,0,0,1,0,0,0,0,0,0,0,0,0,3,0,0,0,0,0,0,1,5,0,15,302,1566
421,10,0,0,2,0,1,0,0,0,0,0,0,0,0,0,0,0,0,0,0,0,0,0,0,0,0,0,0,0,1,2,1,0,9,181,899
422,11,2,0,1,0,1,0,0,0,0,0,0,0,2,0,0,0,0,0,0,0,0,0,0,0,0,1,0,0,0,1,2,1,20,362,1829
423,11,2,1,0,0,0,1,0,0,0,0,0,1,0,0,0,0,0,0,1,0,0,0,1,0,0,0,0,0,0,0,3,1,17,252,1188
424,8,13,4,2,3,0,0,2,0,1,2,0,4,0,0,0,4,1,1,0,0,0,0,4,0,0,0,0,0,0,10,11,3,36,551,2672
425,3,8,13,0,1,0,0,1,0,2,0,0,2,0,0,1,0,0,1,2,0,0,0,10,3,0,0,0,0,0,0,21,2,15,314,1386
426,12,0,0,2,0,0,0,1,0,0,0,0,0,0,0,0,0,0,0,0,0,0,0,0,0,0,0,0,0,0,2,1,0,11,195,984
427,10,6,0,4,0,0,0,0,0,1,0,1,0,0,0,0,1,2,0,1,0,0,0,0,0,0,0,0,0,0,4,6,0,27,490,2370
428,11,3,1,0,0,0,0,0,0,0,0,0,1,0,0,0,1,0,0,1,0,0,0,1,0,0,0,0,0,0,0,2,2,17,279,1358
429,12,0,0,0,1,0,0,0,0,0,0,0,0,0,0,0,0,0,0,0,0,0,0,0,0,0,0,0,0,0,1,0,0,7,134,705
430,9,10,4,4,0,0,0,1,0,1,1,0,0,3,0,0,1,0,1,3,0,0,0,4,0,0,0,0,0,0,8,11,0,25,389,1959
431,9,6,3,1,0,1,1,0,0,3,1,0,0,0,0,0,1,0,0,0,0,1,0,3,0,0,0,0,0,1,3,6,3,24,389,1864
432,9,5,1,0,0,1,0,3,0,0,1,0,0,1,0,1,0,0,0,1,0,1,0,1,0,0,1,0,0,0,3,4,3,25,390,1759
433,10,6,0,1,1,0,0,0,0,1,0,0,0,2,1,0,0,0,0,2,0,0,0,0,0,0,0,0,0,0,1,7,0,28,395,1986
434,10,4,3,2,3,1,1,0,0,1,0,1,1,0,0,0,0,0,0,1,0,0,0,3,0,0,0,1,0,0,5,8,1,19,306,1706
435,11,0,1,0,0,0,1,2,0,0,0,0,0,0,0,0,0,0,0,0,0,0,0,1,0,0,0,0,0,0,3,1,0,21,316,1564
436,11,0,1,0,0,0,1,1,0,0,0,0,0,0,0,0,0,0,0,0,0,0,0,1,0,0,0,0,0,0,0,3,0,16,206,960
437,11,2,1,1,0,0,0,0,0,0,0,0,0,1,0,0,0,0,1,0,0,0,0,1,0,0,0,0,0,0,0,4,0,26,366,1772
438,4,26,14,6,9,3,1,2,0,5,7,2,1,0,0,6,0,0,0,5,0,0,0,14,0,0,1,2,0,0,23,31,7,25,336,1694
439,12,1,0,0,0,0,0,0,0,0,0,0,0,0,0,0,0,0,0,0,0,1,0,0,0,0,0,0,0,0,1,0,0,14,271,1274
440,11,2,0,0,4,0,1,0,0,0,0,0,0,0,0,0,0,0,0,2,0,0,0,0,0,0,0,0,0,0,4,3,0,19,274,1170
441,11,0,0,0,6,0,0,0,0,0,0,0,0,0,0,0,0,0,0,0,0,0,0,0,0,0,0,0,0,0,6,0,0,9,123,580
442,11,4,2,1,1,0,0,1,0,0,0,0,0,0,0,0,1,0,0,1,0,2,0,2,0,0,0,0,0,0,3,6,0,27,405,1990
443,5,6,4,0,2,0,0,1,0,0,0,0,2,2,0,0,0,1,0,1,0,0,0,4,0,0,0,0,0,0,3,5,5,8,71,351
444,10,2,0,1,1,0,0,0,0,0,0,0,1,0,0,0,0,0,0,1,0,0,0,0,0,0,0,0,0,0,2,2,0,10,124,562
445,8,11,4,1,2,1,3,0,0,2,1,0,1,0,0,1,0,0,0,3,0,3,0,2,1,1,0,0,0,1,9,13,0,20,460,2201
446,6,9,3,0,6,1,0,0,0,3,2,0,0,1,0,0,1,1,0,1,0,0,0,3,0,0,0,0,0,1,7,11,1,18,369,1884
447,10,1,3,0,0,0,0,0,1,0,0,0,0,0,0,0,0,0,0,0,0,0,0,3,0,0,0,0,0,0,0,2,2,46,647,3597
448,12,1,0,1,0,0,0,0,0,0,0,0,0,0,0,0,0,0,0,1,0,0,0,0,0,0,0,0,0,0,1,1,0,17,233,1071
449,10,1,5,1,1,10,0,0,0,0,0,0,0,0,0,0,0,0,0,1,0,0,0,5,0,0,0,0,0,10,12,6,0,21,258,1149
450,10,4,2,1,1,1,0,0,0,1,0,0,0,1,0,0,0,1,0,1,0,0,0,2,0,0,0,1,0,0,2,7,0,23,275,1295
451,11,2,3,1,0,0,0,0,0,0,0,0,0,1,0,0,0,0,0,0,0,1,0,3,0,0,0,0,0,0,1,3,2,25,303,1558
452,12,1,1,0,0,0,0,0,0,0,0,1,0,0,0,0,0,0,0,0,0,0,0,1,0,0,0,0,0,0,0,2,0,19,186,896
453,10,0,5,0,0,0,0,0,0,0,0,0,0,0,0,0,0,0,0,0,0,0,0,5,0,0,0,0,0,0,0,3,2,21,229,1140
454,10,4,2,1,1,0,0,1,0,0,2,0,1,0,0,0,0,1,0,0,0,0,0,1,1,0,0,0,0,0,5,4,0,15,195,887
455,7,2,1,0,0,0,0,1,0,0,0,0,0,1,0,1,0,0,0,0,0,0,0,1,0,0,0,0,0,0,0,3,1,9,95,407
456,12,0,1,0,0,0,0,1,0,0,0,0,0,0,0,0,0,0,0,0,0,0,0,1,0,0,0,0,0,0,1,1,0,31,393,1970
457,3,0,0,0,0,1,0,0,0,0,0,0,0,0,0,0,0,0,0,0,0,0,0,0,0,0,1,0,0,0,0,0,1,22,286,1437
458,6,24,4,0,6,0,0,0,0,0,4,0,4,1,0,1,0,2,0,11,0,1,0,4,0,0,0,0,0,0,10,21,3,14,146,613
459,11,1,1,0,0,0,0,0,0,0,0,0,0,0,0,0,0,0,0,1,0,0,0,1,0,0,0,0,0,0,0,1,1,16,199,891
460,9,8,2,6,1,1,1,3,0,1,1,0,2,0,0,0,0,0,0,2,0,2,0,1,1,0,1,0,0,0,9,8,5,11,203,921
461,9,5,1,1,0,0,0,0,0,2,1,0,1,0,0,0,0,0,0,1,0,0,0,0,0,1,0,0,0,0,2,5,0,8,110,501
462,12,2,2,0,0,0,0,1,0,0,0,0,0,0,0,0,1,0,0,1,0,0,0,2,0,0,0,0,0,0,1,4,0,17,252,1158
463,11,2,4,0,0,0,1,0,0,2,0,0,0,0,0,0,0,0,0,0,0,0,0,3,1,0,0,0,0,0,2,5,0,17,275,1277
464,12,0,0,0,1,0,0,0,0,0,0,0,0,0,0,0,0,0,0,0,0,0,0,0,0,0,0,0,0,0,1,0,0,19,379,1714
465,11,0,2,2,1,0,0,2,0,0,0,0,0,0,0,0,0,0,0,0,0,0,0,2,0,0,0,0,0,0,3,1,3,22,347,1849
466,10,6,1,0,1,0,0,1,0,1,0,2,1,2,0,0,0,0,0,0,0,0,0,1,0,0,0,0,0,0,3,5,1,20,301,1649
467,11,4,0,2,0,0,1,0,0,0,0,0,0,2,0,0,0,0,0,2,0,0,0,0,0,0,0,0,0,0,2,5,0,27,377,1715
468,10,4,2,0,1,0,2,0,0,1,0,0,1,1,0,0,0,0,1,0,0,0,0,2,0,0,0,0,0,0,2,6,1,26,398,2011
469,11,3,1,1,1,0,0,1,0,0,0,0,1,0,0,0,0,0,0,2,0,0,0,1,0,0,0,0,0,0,2,3,2,14,278,1461
470,8,9,2,4,3,0,0,1,0,0,1,0,0,1,0,0,0,5,0,1,0,1,0,1,1,0,0,0,0,0,10,9,0,21,435,2161
471,10,3,2,1,0,0,0,1,0,0,0,0,1,0,0,1,0,1,0,0,0,0,0,2,0,0,0,0,0,0,1,5,1,19,299,1517
472,9,6,5,0,1,2,2,2,0,2,0,0,3,0,0,0,0,0,0,0,0,1,0,5,0,0,1,1,0,0,2,13,3,34,666,3197
473,9,8,2,1,0,2,2,0,0,1,0,0,3,0,0,0,1,0,0,3,0,0,0,2,0,0,1,1,0,0,1,9,5,19,368,1883
474,10,2,1,0,2,3,0,0,0,0,0,0,0,2,0,0,0,0,0,0,0,0,0,1,0,0,0,2,0,1,2,2,3,26,387,2002
475,8,7,5,2,4,1,0,0,0,0,0,0,1,1,0,0,0,1,0,3,0,1,0,5,0,0,1,0,0,0,5,10,3,13,212,1080
476,11,0,3,2,0,0,0,0,0,0,0,0,0,0,0,0,0,0,0,0,0,0,0,3,0,0,0,0,0,0,2,3,0,13,289,1530
477,11,0,2,3,0,2,1,0,0,0,0,0,0,0,0,0,0,0,0,0,0,0,0,2,0,0,0,1,0,1,4,4,0,39,349,1487
478,7,10,6,6,0,0,1,0,0,1,1,0,0,3,0,1,0,2,0,1,0,1,0,5,1,0,0,0,0,0,7,15,1,58,542,2629
479,10,5,3,5,6,0,0,1,0,1,0,0,0,2,0,0,0,0,0,2,0,0,0,3,0,0,0,0,0,0,14,5,1,93,1400,6551
480,9,5,1,0,1,0,2,0,0,0,2,0,0,1,0,0,0,0,0,1,0,1,0,1,0,0,0,0,0,0,2,5,2,16,181,910
481,11,4,3,3,0,0,0,0,0,1,0,0,0,1,0,0,0,1,0,1,0,0,0,3,0,0,0,0,0,0,5,5,0,37,592,2898
482,10,7,0,2,1,0,1,0,0,1,2,0,0,1,0,0,1,0,0,2,0,0,0,0,0,0,0,0,0,0,6,5,0,23,340,1549
483,10,3,1,1,0,0,3,2,0,0,0,0,0,1,0,0,0,1,0,1,0,0,0,1,0,0,0,0,0,0,3,6,1,21,334,1722
484,8,6,5,1,4,0,1,0,0,1,0,0,1,1,0,1,0,0,1,0,0,1,0,5,0,0,0,0,0,0,4,12,1,21,212,929
485,9,2,0,1,2,1,1,0,0,0,0,0,0,0,0,0,0,0,0,2,0,0,0,0,0,0,0,1,0,0,2,4,1,21,229,1084
486,10,4,5,5,1,0,0,2,0,0,1,2,0,0,0,0,0,0,0,1,0,0,0,5,0,0,0,0,0,0,7,8,2,43,554,2852
487,9,7,8,2,0,2,3,1,0,0,1,0,0,1,0,0,0,0,0,4,0,1,0,7,1,0,0,2,0,0,6,11,6,31,576,2962
488,11,1,1,0,0,0,0,1,0,0,0,0,0,0,0,0,0,1,0,0,0,0,0,1,0,0,0,0,0,0,0,1,2,18,265,1593
489,9,3,1,1,0,0,1,1,0,1,0,0,0,0,0,0,0,1,0,1,0,0,0,0,1,0,0,0,0,0,1,6,0,37,461,2347
490,11,6,0,1,0,0,0,0,0,1,0,1,0,1,0,0,0,2,0,1,0,0,0,0,0,0,0,0,0,0,2,4,1,25,347,1923
491,4,12,11,2,8,2,3,1,0,1,2,0,1,1,1,3,0,1,1,1,0,0,0,11,0,0,2,0,0,0,8,21,9,22,372,1958
492,11,2,1,0,4,0,0,0,0,0,0,0,2,0,0,0,0,0,0,0,0,0,0,1,0,0,0,0,0,0,1,6,0,37,376,1978
493,9,2,1,0,0,1,1,0,0,1,0,0,0,0,0,0,0,0,0,0,0,1,0,1,0,0,1,0,0,0,0,4,1,15,262,1442
494,7,4,3,0,0,0,0,0,0,0,2,0,0,0,0,0,0,0,0,2,0,0,0,3,0,0,0,0,0,0,3,4,0,18,271,1339
495,8,4,4,0,0,0,0,0,0,2,1,0,1,0,0,0,0,0,0,0,0,0,0,2,0,2,0,0,0,0,3,5,0,15,281,1392
496,10,1,2,0,0,0,0,1,0,1,0,0,0,0,0,0,0,0,0,0,0,0,0,1,1,0,0,0,0,0,1,3,0,20,280,1269
497,7,8,1,1,2,2,0,0,0,1,3,0,0,1,0,1,0,0,0,2,0,0,0,1,0,0,0,2,0,0,6,6,2,16,275,1223
498,8,4,2,1,0,1,0,2,0,1,1,0,0,1,0,0,0,0,0,1,0,0,0,2,0,0,0,1,0,0,2,7,1,16,283,1360
499,8,6,3,0,1,0,0,0,0,3,0,0,1,1,0,0,0,1,0,0,0,0,0,2,0,1,0,0,0,0,2,7,1,16,292,1434
500,9,4,0,0,0,0,2,1,0,1,0,0,1,0,0,0,0,0,0,1,0,1,0,0,0,0,0,0,0,0,2,5,0,16,277,1325
501,10,0,1,0,2,1,1,0,0,0,0,0,0,0,0,0,0,0,0,0,0,0,0,0,1,0,1,0,0,0,4,0,1,38,694,3809
502,11,1,1,0,0,1,0,0,0,0,0,0,0,1,0,0,0,0,0,0,0,0,0,1,0,0,0,0,0,1,0,2,1,34,690,3973
503,8,3,4,1,1,3,1,0,0,0,0,0,1,1,0,0,0,0,0,1,0,0,0,4,0,0,0,0,0,3,2,8,3,17,182,787
504,10,4,2,2,0,0,1,0,0,2,1,0,0,0,0,0,0,1,0,0,0,0,0,1,0,1,0,0,0,0,3,5,1,18,200,961
505,6,22,2,0,14,0,3,0,0,7,11,0,1,3,0,0,0,0,0,0,0,0,0,2,0,0,0,0,0,0,20,19,2,29,355,1708
506,9,6,5,1,0,0,1,0,0,1,0,0,0,3,0,0,0,1,0,1,0,0,0,3,2,0,0,0,0,0,1,12,0,20,238,1042
507,7,13,3,4,2,1,1,1,0,3,3,0,0,0,0,0,0,5,0,2,0,0,0,3,0,0,0,1,0,0,9,16,0,15,213,960
508,11,6,0,0,0,1,0,0,0,0,1,0,0,2,0,0,0,0,0,3,0,0,0,0,0,0,0,1,0,0,3,3,1,19,205,947
509,10,6,1,3,0,0,0,0,0,0,4,0,0,1,0,0,0,0,0,0,0,1,0,1,0,0,0,0,0,0,7,2,1,11,165,795
510,10,3,4,1,1,1,0,0,0,1,0,0,0,2,0,0,0,0,0,0,0,0,0,4,0,0,0,1,0,0,2,7,1,20,235,1149
511,10,5,0,2,0,0,1,0,0,0,0,0,3,1,0,1,0,0,0,0,0,0,0,0,0,0,0,0,0,0,3,5,0,17,193,918
512,10,8,1,1,0,0,0,1,0,0,0,0,4,1,0,0,0,0,1,1,0,1,0,1,0,0,0,0,0,0,1,10,0,18,179,821
513,10,1,2,4,2,2,0,0,0,0,0,0,0,0,0,0,0,0,1,0,0,0,0,2,0,0,0,2,0,0,6,2,3,16,227,1027
514,8,4,1,0,0,0,0,1,0,0,2,0,1,1,0,0,0,0,0,0,0,0,0,1,0,0,0,0,0,0,2,3,1,21,271,1354
515,9,2,1,0,0,0,0,1,0,0,1,0,0,0,0,0,0,0,0,1,0,0,0,0,1,0,0,0,0,0,3,0,1,16,201,1080
516,9,4,0,0,3,0,0,1,0,2,1,0,0,0,0,0,0,0,0,1,0,0,0,0,0,0,0,0,0,0,4,4,0,18,253,1240
517,9,1,2,1,0,0,1,0,0,0,0,0,0,0,0,0,0,0,0,1,0,0,0,2,0,0,0,0,0,0,1,4,0,16,195,1066
518,10,3,1,1,1,0,0,0,0,0,2,0,0,0,0,0,0,0,0,1,0,0,0,1,0,0,0,0,0,0,4,2,0,18,210,1196
519,11,2,1,0,0,0,0,0,0,0,1,0,0,1,0,0,0,0,0,0,0,0,0,1,0,0,0,0,0,0,1,2,0,18,223,1182
520,10,2,2,0,1,1,0,0,0,1,0,0,0,0,0,0,0,1,0,0,0,0,0,1,0,1,0,1,0,0,0,6,0,15,185,856
521,10,1,1,1,0,0,1,0,0,0,0,0,0,1,0,0,0,0,0,0,0,0,0,1,0,0,0,0,0,0,2,2,0,11,110,504
522,12,0,1,1,0,0,0,0,0,0,0,0,0,0,0,0,0,0,0,0,0,0,0,0,1,0,0,0,0,0,1,1,0,17,239,1064
523,12,0,0,0,0,0,0,0,0,0,0,0,0,0,0,0,0,0,0,0,0,0,0,0,0,0,0,0,0,0,0,0,0,17,217,946
524,10,7,2,2,0,1,0,0,0,1,2,0,1,0,0,2,0,0,0,1,0,0,0,2,0,0,0,0,0,1,4,5,3,13,176,826
525,11,7,4,2,3,1,1,1,0,2,1,0,0,1,0,0,1,0,0,2,0,0,0,4,0,0,1,0,0,0,7,11,1,46,597,2661
526,10,2,3,1,0,0,1,0,0,0,0,0,0,0,0,0,0,0,0,2,0,0,0,3,0,0,0,0,0,0,3,3,1,17,218,1104
527,10,5,0,0,0,0,0,0,0,3,1,0,0,0,0,0,0,0,0,1,0,0,0,0,0,0,0,0,0,0,1,4,0,10,118,545
528,10,4,1,1,0,0,0,1,0,0,0,0,0,2,0,0,0,0,0,2,0,0,0,1,0,0,0,0,0,0,1,6,0,15,174,745
529,10,3,0,3,0,0,0,1,0,0,0,0,1,0,0,0,0,0,0,2,0,0,0,0,0,0,0,0,0,0,3,4,0,17,201,985
530,5,21,2,4,0,0,1,0,0,3,1,0,0,0,0,0,0,2,0,12,0,3,0,2,0,0,0,0,0,0,6,21,1,10,156,781
531,6,21,2,5,2,0,1,1,0,1,1,0,7,2,0,1,0,1,0,7,0,1,0,2,0,0,0,0,0,0,6,23,3,12,152,719
532,5,10,5,0,1,1,0,1,0,1,0,0,0,7,0,0,0,0,0,0,0,2,0,4,1,0,0,1,0,0,2,12,4,40,834,4144
533,11,4,3,1,0,0,1,0,0,0,2,0,0,0,0,0,0,0,0,2,0,0,0,1,1,1,0,0,0,0,4,5,0,23,356,1915
534,12,3,1,0,0,0,0,0,0,0,2,0,0,0,0,0,0,0,0,1,0,0,0,1,0,0,0,0,0,0,2,2,0,19,472,2673
535,10,1,0,0,0,1,0,1,0,0,0,0,1,0,0,0,0,0,0,0,0,0,0,0,0,0,1,0,0,0,0,2,1,17,184,970
536,10,2,1,0,0,1,0,0,0,0,2,0,0,0,0,0,0,0,0,0,0,0,0,1,0,0,0,1,0,0,3,0,1,11,121,638
537,10,2,0,0,0,1,2,0,0,1,0,0,0,0,0,0,0,0,0,1,0,0,0,0,0,0,0,1,0,0,0,5,0,14,220,1061
538,10,0,1,2,0,1,2,1,0,0,0,0,0,0,0,0,0,0,0,0,0,0,0,1,0,0,0,0,0,1,4,3,0,24,344,1595
539,11,2,1,0,0,0,0,0,0,2,0,0,0,0,0,0,0,0,0,0,0,0,0,0,1,0,0,0,0,0,0,3,0,22,370,1759
540,5,7,6,0,5,3,0,0,0,2,1,0,0,1,0,1,0,0,1,1,0,0,0,6,0,0,0,1,0,2,7,11,3,48,814,4432
541,11,0,0,0,0,0,2,0,0,0,0,0,0,0,0,0,0,0,0,0,0,0,0,0,0,0,0,0,0,0,0,2,0,39,667,3253
542,12,0,0,1,1,2,1,0,0,0,0,0,0,0,0,0,0,0,0,0,0,0,0,0,0,0,0,0,0,2,3,1,1,10,111,480
543,9,7,1,3,0,0,2,0,0,0,0,0,1,0,0,0,1,0,0,4,0,1,0,1,0,0,0,0,0,0,3,8,2,13,164,734
544,10,8,1,2,0,0,2,0,0,4,1,0,0,1,0,0,0,1,0,1,0,0,0,1,0,0,0,0,0,0,5,8,0,21,278,1551
545,9,16,0,0,0,3,0,0,0,3,4,0,0,2,0,2,0,1,0,4,0,0,0,0,0,0,0,2,0,1,7,10,2,20,256,1252
546,9,4,5,2,1,1,2,0,0,0,2,0,0,1,0,0,0,1,0,0,0,0,1,4,0,0,0,1,0,0,4,8,3,50,996,5362
547,10,3,3,0,0,1,0,0,0,0,0,0,0,2,0,0,0,0,0,1,0,0,0,3,0,0,0,1,0,0,1,4,2,57,699,3633
548,8,3,4,0,1,0,0,1,0,0,0,0,0,1,0,0,0,0,0,1,0,1,0,4,0,0,0,0,0,0,1,8,0,16,305,1342
549,7,5,2,0,1,0,1,0,0,2,0,0,0,0,0,0,0,0,0,2,0,1,0,2,0,0,0,0,0,0,2,7,0,16,291,1438
550,8,4,2,0,0,1,1,0,0,1,0,0,1,2,0,0,0,0,0,0,0,0,0,2,0,0,0,1,0,0,0,8,0,15,289,1496
551,9,6,2,0,0,0,0,0,0,1,1,0,0,1,0,0,0,0,0,3,0,0,0,1,1,0,0,0,0,0,3,5,0,20,397,1904
552,9,7,4,0,0,0,1,0,0,3,1,0,0,0,0,1,0,0,0,2,0,0,0,4,0,0,0,0,0,0,2,9,1,16,348,1659
553,9,4,2,0,0,0,1,0,0,1,0,0,1,1,0,0,0,0,0,1,0,0,0,2,0,0,0,0,0,0,0,5,2,14,327,1421
554,9,6,3,0,0,0,1,0,0,3,0,0,0,1,0,0,0,0,0,2,0,0,0,2,1,0,0,0,0,0,0,9,1,15,319,1587
555,9,5,0,0,0,0,0,0,0,2,0,0,2,0,0,0,0,0,0,1,0,0,0,0,0,0,0,0,0,0,0,5,0,16,300,1381
556,11,2,1,0,0,0,0,0,0,0,1,0,0,0,0,1,0,0,0,0,0,0,0,1,0,0,0,0,0,0,1,2,0,13,153,758
557,11,1,1,0,1,0,0,0,0,0,0,0,0,0,0,0,0,0,0,1,0,0,0,1,0,0,0,0,0,0,1,2,0,7,103,489
558,10,2,0,2,2,0,1,1,0,0,0,0,0,0,0,0,0,0,1,0,0,1,0,0,0,0,0,0,0,0,6,2,0,11,126,620
559,10,2,1,0,0,0,1,0,0,0,1,0,0,0,0,0,0,0,0,1,0,0,0,1,0,0,0,0,0,0,1,3,0,8,89,401
560,10,2,0,0,0,0,0,1,0,0,2,0,0,0,0,0,0,0,0,0,0,0,0,0,0,0,0,0,0,0,2,0,1,10,141,698
561,11,4,0,0,1,0,0,0,0,0,1,0,0,2,0,0,1,0,0,0,0,0,0,0,0,0,0,0,0,0,3,1,1,10,184,916
562,11,1,1,0,2,1,1,0,0,0,0,0,0,0,0,0,0,0,0,1,0,0,0,1,0,0,0,1,0,0,3,2,0,10,125,614
563,9,3,3,2,2,0,0,0,0,1,0,0,0,0,0,0,0,0,0,2,0,0,0,3,0,0,0,0,0,0,4,5,1,8,116,481
564,11,0,2,4,0,0,0,0,0,0,0,0,0,0,0,0,0,0,0,0,0,0,0,2,0,0,0,0,0,0,5,1,0,13,184,803
565,11,0,1,0,1,0,0,1,0,0,0,0,0,0,0,0,0,0,0,0,0,0,0,1,0,0,0,0,0,0,1,1,1,19,152,628
566,9,2,2,0,1,0,0,0,0,1,0,0,0,1,0,0,0,0,0,0,0,0,0,2,0,0,0,0,0,0,1,3,1,9,108,500
567,10,1,2,0,1,0,0,0,0,0,0,0,0,0,0,0,0,0,0,1,0,0,0,2,0,0,0,0,0,0,1,2,1,12,152,621
568,10,1,1,0,1,1,0,1,0,0,0,0,1,0,0,0,0,0,0,0,0,0,0,1,0,0,0,1,0,0,1,3,1,8,74,327
569,11,1,0,1,0,0,0,1,0,1,0,0,0,0,0,0,0,0,0,0,0,0,0,0,0,0,0,0,0,0,2,1,0,9,104,453
570,12,0,1,0,0,2,0,0,0,0,0,0,0,0,0,0,0,0,0,0,0,0,0,1,0,0,0,2,0,0,0,3,0,14,157,694
571,10,4,2,0,0,0,0,0,0,0,2,0,1,0,0,0,0,1,0,0,0,0,0,2,0,0,0,0,0,0,2,3,1,15,176,776
572,10,1,4,0,0,1,1,0,0,0,0,0,0,0,0,0,0,0,0,1,0,0,0,4,0,0,1,0,0,0,0,5,1,15,157,650
573,9,3,9,0,3,0,0,0,0,0,0,0,0,3,0,0,0,0,0,0,0,0,0,9,0,0,0,0,0,0,4,9,2,16,203,997
574,10,2,0,2,0,3,1,0,0,1,0,0,0,0,0,0,0,0,0,1,0,0,0,0,0,0,2,1,0,0,2,5,1,15,180,937
575,8,5,2,0,2,0,0,1,0,1,0,0,0,1,0,0,0,0,0,3,0,0,0,2,0,0,0,0,0,0,1,9,0,24,376,2030
576,7,8,4,1,3,1,2,0,0,2,0,0,0,1,0,5,0,0,0,0,0,0,0,4,0,0,0,1,0,0,3,15,1,39,791,4232
577,7,6,4,0,0,3,1,0,0,0,0,0,0,1,0,0,1,0,0,3,0,1,0,4,0,0,2,1,0,0,0,9,5,34,669,2979
578,4,1,1,0,2,3,1,0,0,0,0,0,0,0,0,0,1,0,0,0,0,0,0,1,0,0,1,2,0,0,0,3,5,11,136,641
580,8,1,2,1,1,0,3,0,0,0,0,0,1,0,0,0,0,0,0,0,0,0,0,2,0,0,0,0,0,0,3,4,1,8,145,728
581,6,6,3,1,0,1,0,1,0,3,0,0,0,1,0,0,0,0,0,2,0,0,0,3,0,0,0,1,0,0,2,9,1,11,158,699
582,8,0,2,1,1,0,0,0,0,0,0,0,0,0,0,0,0,0,0,0,0,0,0,2,0,0,0,0,0,0,1,1,2,9,182,798
583,8,3,3,1,2,1,1,0,0,0,0,0,0,1,0,0,0,0,0,1,0,1,0,2,1,0,1,0,0,0,0,3,5,7,110,600
584,10,8,2,0,5,0,1,0,0,2,1,0,0,0,0,1,0,0,0,0,0,4,0,1,1,0,0,0,0,0,5,11,0,17,360,1584
585,6,6,0,0,4,0,1,0,0,1,0,0,0,1,1,1,0,1,0,1,0,0,0,0,0,0,0,0,0,0,4,7,0,6,106,532
654,3,2,0,0,4,1,0,0,0,0,0,0,0,1,0,0,1,0,0,0,0,0,0,0,0,0,1,0,0,0,4,2,0,8,88,451
657,3,29,9,1,4,0,0,2,0,4,2,0,2,14,0,0,0,5,0,1,0,1,0,2,3,4,0,0,0,0,10,28,3,14,150,698
660,7,5,0,3,0,0,1,3,0,0,0,0,0,1,0,0,0,0,0,4,0,0,0,0,0,0,0,0,0,0,4,6,2,9,157,677
675,11,1,0,0,0,0,0,0,0,0,0,0,0,1,0,0,0,0,0,0,0,0,0,0,0,0,0,0,0,0,0,1,0,9,93,399
684,10,6,3,0,0,0,1,2,0,1,1,0,1,2,0,0,0,0,0,1,0,0,1,2,0,0,0,0,0,0,0,10,2,18,417,1752
685,12,1,1,0,0,0,1,0,0,0,0,0,0,0,0,0,0,0,0,1,0,0,0,1,0,0,0,0,0,0,1,2,0,36,480,2170
686,12,3,1,1,0,2,0,0,0,0,0,0,2,0,0,1,0,0,0,0,0,0,0,1,0,0,2,0,0,0,1,2,4,46,608,2663
687,6,24,6,0,3,0,2,0,0,1,1,0,8,11,0,0,0,0,0,2,0,1,0,6,0,0,0,0,0,0,3,26,5,17,378,1650
688,6,12,4,0,12,4,1,1,0,0,0,0,8,1,0,0,0,0,0,2,0,1,0,4,0,0,2,2,0,0,7,16,11,57,575,2659
690,4,15,0,0,2,4,2,0,0,1,0,0,2,12,0,0,0,0,0,0,0,0,0,0,0,0,1,3,0,0,0,17,6,26,426,1938
691,11,2,1,0,1,2,2,2,0,0,0,0,1,1,0,0,0,0,0,0,0,0,0,1,0,0,0,2,0,0,1,4,5,33,485,2318
692,11,0,1,0,1,1,0,1,0,0,0,0,0,0,0,0,0,0,0,0,0,0,0,1,0,0,1,0,0,0,1,3,0,15,313,1289
706,9,1,1,1,3,0,1,0,0,1,0,0,0,0,0,0,0,0,0,0,0,0,0,1,0,0,0,0,0,0,4,2,1,16,183,889
708,4,3,1,9,0,0,1,0,0,1,1,0,0,0,0,1,0,0,0,0,0,0,0,1,0,0,0,0,0,0,10,3,1,15,293,1703
709,10,2,1,2,0,2,1,0,0,1,0,0,0,0,0,1,0,0,0,0,0,0,0,1,0,0,0,0,0,2,2,3,3,45,666,3763
710,9,2,2,8,2,2,2,1,0,0,1,0,0,0,0,0,0,1,0,0,0,0,0,2,0,0,0,1,0,1,14,5,0,24,332,1791
727,7,10,4,16,1,0,2,0,0,4,1,0,0,0,0,0,0,1,0,4,0,0,0,3,0,1,0,0,0,0,19,13,1,29,408,2197
728,12,2,1,1,0,0,0,0,0,0,0,0,0,1,0,0,0,0,0,1,0,0,0,1,0,0,0,0,0,0,1,3,0,34,599,3493
743,8,23,0,0,5,2,0,0,0,2,5,0,1,10,0,0,0,0,0,4,1,0,0,0,0,0,0,2,0,0,9,19,2,32,351,1778
746,9,9,0,2,1,0,1,1,0,4,0,0,0,0,0,1,1,0,0,2,0,1,0,0,0,0,0,0,0,0,5,9,0,30,433,2233
761,11,1,3,1,2,0,1,1,0,1,0,0,0,0,0,0,0,0,0,0,0,0,0,3,0,0,0,0,0,0,4,3,1,16,255,1234
788,6,3,1,0,4,1,0,0,0,2,0,0,1,0,0,0,0,0,0,0,0,0,0,1,0,0,0,1,0,0,1,4,4,9,104,534
789,7,8,2,4,4,2,2,1,0,3,0,0,0,1,0,0,0,0,0,4,0,0,0,1,0,1,0,2,0,0,7,14,2,13,175,923
808,8,3,0,0,1,0,0,0,0,1,0,0,0,2,0,0,0,0,0,0,0,0,0,0,0,0,0,0,0,0,2,1,1,13,74,340
809,5,5,1,0,2,0,0,0,0,2,1,1,0,1,0,0,0,0,0,0,0,0,0,1,0,0,0,0,0,0,3,2,0,9,62,296
810,11,1,0,0,2,0,2,0,0,0,1,0,0,0,0,0,0,0,0,0,0,0,0,0,0,0,0,0,0,0,1,4,0,20,129,834
811,6,4,0,0,4,0,0,0,0,1,0,0,0,0,0,0,0,1,0,2,0,0,0,0,0,0,0,0,0,0,3,4,1,10,62,330
812,9,2,1,0,1,0,0,0,0,0,0,1,0,1,0,0,0,0,0,0,0,0,0,1,0,0,0,0,0,0,0,2,0,10,62,312
813,4,7,1,0,0,0,0,0,0,0,0,1,0,4,0,0,0,0,0,2,0,0,1,0,0,0,0,0,0,0,1,6,1,7,59,343
814,10,2,0,0,0,0,0,0,0,0,0,0,0,2,0,0,0,0,0,0,0,0,0,0,0,0,0,0,0,0,0,2,0,10,65,348
815,6,4,1,0,0,0,0,0,0,2,1,0,0,0,0,0,0,1,0,0,0,0,0,1,0,0,0,0,0,0,2,1,0,5,66,339
816,4,3,1,0,4,0,2,0,0,1,0,0,0,2,0,0,0,0,0,0,0,0,0,1,0,0,0,0,0,0,0,9,0,9,62,331
817,8,3,1,0,1,0,0,0,0,1,0,0,0,0,0,2,0,0,0,0,0,0,1,0,0,0,0,0,0,0,1,3,0,10,68,350
818,5,5,0,0,1,0,2,0,0,0,0,3,1,1,0,0,0,0,0,0,0,0,0,0,0,0,0,0,0,0,3,4,0,8,64,349
819,6,1,1,0,5,0,0,0,0,0,0,0,0,0,0,0,0,1,0,0,0,0,0,1,0,0,0,0,0,0,6,1,0,4,60,324
820,11,1,0,0,2,0,0,0,0,1,0,0,0,0,0,0,0,0,0,0,0,0,0,0,0,0,0,0,0,0,2,0,0,9,62,324
821,7,2,0,0,0,0,3,0,0,0,0,0,0,1,0,1,0,0,0,0,0,0,0,0,0,0,0,0,0,0,0,4,1,8,66,358
822,9,2,0,0,0,0,2,0,0,0,0,0,1,1,0,0,0,0,0,0,0,0,0,0,0,0,0,0,0,0,0,4,0,8,69,368
823,5,2,2,0,5,0,0,0,0,1,0,0,1,0,0,0,0,0,0,0,0,0,1,1,0,0,0,0,0,0,3,3,0,6,64,319
824,6,7,1,0,1,0,0,0,0,0,1,3,0,0,0,1,0,0,0,2,0,0,1,0,0,0,0,0,0,0,2,2,0,1,55,328
825,10,3,0,0,4,0,0,0,0,0,0,3,0,0,0,0,0,0,0,0,0,0,0,0,0,0,0,0,0,0,0,5,0,10,66,313
827,8,1,0,0,2,0,0,1,0,0,0,0,0,0,0,0,0,0,0,1,0,0,0,0,0,0,0,0,0,0,2,2,0,9,130,583
828,8,2,1,0,0,0,2,0,0,0,0,0,0,1,0,0,0,0,0,1,0,0,0,1,0,0,0,0,0,0,0,4,1,7,108,479
829,7,4,0,0,0,0,2,0,0,0,0,0,0,3,0,0,0,0,0,1,0,0,0,0,0,0,0,0,0,0,0,4,2,10,138,613
830,8,5,1,0,3,0,0,0,0,0,0,0,0,2,0,0,0,0,0,3,0,0,0,1,0,0,0,0,0,0,2,7,0,27,263,1138
831,8,6,0,2,0,0,0,0,0,1,1,0,1,0,0,0,0,0,0,2,0,1,0,0,0,0,0,0,0,0,3,4,0,32,517,2396
832,6,9,0,0,0,0,0,0,0,0,0,0,0,6,0,0,0,0,0,2,0,1,0,0,0,0,0,0,0,0,1,8,0,14,114,535
833,7,3,0,0,1,0,1,1,0,0,0,0,0,1,0,0,0,0,0,2,0,0,0,0,0,0,0,0,0,0,1,3,1,8,116,479
834,7,6,3,1,2,0,1,2,0,0,0,0,1,3,0,1,0,0,0,1,0,0,0,2,1,0,0,0,0,0,3,12,0,18,239,1017
835,10,3,1,0,0,0,0,0,0,0,0,0,0,2,0,0,0,0,0,1,0,0,0,1,0,0,0,0,0,0,0,4,0,11,148,647
837,10,2,1,1,3,0,0,0,0,2,0,0,0,0,0,0,0,0,0,0,0,0,0,0,0,1,0,0,0,0,1,6,0,19,251,1265
838,12,1,0,1,0,0,0,0,0,0,1,0,0,0,0,0,0,0,0,0,0,0,0,0,0,0,0,0,0,0,2,0,0,19,316,1504
839,9,4,0,0,3,0,0,0,0,1,0,0,0,0,0,0,0,0,0,3,0,0,0,0,0,0,0,0,0,0,3,4,0,13,199,1084
840,8,4,2,0,2,0,1,0,0,0,1,0,0,3,0,0,0,0,0,0,0,0,1,1,0,0,0,0,0,0,2,5,1,18,292,1281
844,8,6,0,0,0,0,0,0,0,3,1,0,1,0,0,0,0,0,0,1,0,0,0,0,0,0,0,0,0,0,4,2,0,6,101,531
846,3,10,3,1,6,0,1,0,0,3,0,3,0,0,0,4,0,0,0,0,0,0,1,2,0,0,0,0,0,0,9,2,3,10,65,320
847,12,0,0,0,0,0,0,0,0,0,0,0,0,0,0,0,0,0,0,0,0,0,0,0,0,0,0,0,0,0,0,0,0,7,73,308
848,4,22,3,3,8,3,4,1,0,4,5,1,0,2,0,3,1,6,0,0,0,0,0,3,0,0,0,3,0,0,10,31,3,14,261,1422
849,10,1,1,0,0,0,4,0,0,0,1,0,0,0,0,0,0,0,0,0,0,0,0,1,0,0,0,0,0,0,1,4,1,22,215,1029
850,10,4,0,1,1,0,1,0,0,0,0,0,1,0,0,0,0,0,0,3,0,0,0,0,0,0,0,0,0,0,2,5,0,12,87,328
851,9,13,1,0,2,0,0,0,0,7,2,0,0,0,0,1,0,3,0,0,0,0,0,1,0,0,0,0,0,0,3,13,0,20,222,1118
852,7,19,1,0,3,0,3,0,0,11,1,0,0,0,0,1,0,5,0,1,0,0,0,1,0,0,0,0,0,0,5,21,0,20,238,1180
853,8,4,3,0,3,0,4,0,0,2,0,0,2,0,0,0,0,0,0,0,0,0,0,3,0,0,0,0,0,0,0,11,2,15,150,646
854,12,4,0,0,0,0,1,0,0,0,3,0,0,1,0,0,0,0,0,0,0,0,0,0,0,0,0,0,0,0,3,2,0,20,243,1357
855,10,7,1,0,1,0,1,0,0,2,0,0,0,1,0,2,0,2,0,0,0,0,0,1,0,0,0,0,0,0,0,8,1,21,217,948
856,11,1,0,0,0,0,0,0,0,0,0,0,0,0,0,1,0,0,0,0,0,0,0,0,0,0,0,0,0,0,0,1,0,12,109,448
857,10,6,0,0,0,0,2,0,0,2,3,0,0,0,0,0,0,1,0,0,0,0,0,0,0,0,0,0,0,0,3,5,0,17,249,1302
858,10,6,0,1,0,0,1,0,0,2,1,0,0,0,0,1,0,1,0,1,0,0,0,0,0,0,0,0,0,0,3,5,0,15,250,1276
859,8,7,1,1,0,0,1,0,0,2,3,0,1,0,0,1,0,0,0,0,0,0,0,1,0,0,0,0,0,0,3,7,0,6,78,335
860,5,19,2,1,4,1,3,0,0,5,4,0,0,0,0,1,0,9,0,0,0,0,0,2,0,0,0,1,0,0,8,21,1,18,207,1088
861,6,36,2,1,1,1,1,0,0,6,20,0,0,1,0,2,0,2,0,5,0,0,0,2,0,0,0,0,0,1,23,19,0,23,314,1477
862,5,4,1,0,0,0,2,0,0,0,2,0,0,1,0,1,0,0,0,0,0,0,0,1,0,0,0,0,0,0,2,4,1,8,59,246
863,9,5,0,0,1,0,2,0,0,2,2,0,0,0,0,0,0,1,0,0,0,0,0,0,0,0,0,0,0,0,2,6,0,19,215,1157
864,7,14,0,1,1,1,0,0,0,4,7,0,0,2,0,0,0,1,0,0,0,0,0,0,0,0,0,1,0,0,7,10,0,24,300,1527
865,10,2,1,0,1,0,0,0,0,0,0,0,0,0,0,1,1,0,0,0,0,0,0,1,0,0,0,0,0,0,1,3,0,6,62,254
866,7,19,2,3,5,0,1,3,0,4,4,0,1,0,0,2,1,4,0,3,0,0,0,2,0,0,0,0,0,0,7,26,0,17,227,1031
867,9,8,2,0,3,1,2,0,0,1,1,0,1,1,0,0,0,1,0,3,0,0,0,2,0,0,0,1,0,0,3,12,0,25,313,1468
868,12,1,0,0,0,0,0,0,0,0,1,0,0,0,0,0,0,0,0,0,0,0,0,0,0,0,0,0,0,0,1,0,0,8,85,324
869,9,5,1,0,1,0,0,0,0,3,0,0,0,0,0,1,1,0,0,0,0,0,0,1,0,0,0,0,0,0,0,7,0,17,204,1028
870,10,4,2,0,0,0,0,0,0,2,1,0,0,0,0,0,0,0,0,1,0,0,0,1,0,1,0,0,0,0,1,5,0,18,238,1101
871,12,0,0,0,0,0,0,0,0,0,0,0,0,0,0,0,0,0,0,0,0,0,0,0,0,0,0,0,0,0,0,0,0,10,106,417
872,10,9,0,0,0,1,1,0,0,2,7,0,0,0,0,0,0,0,0,0,0,0,0,0,0,0,0,1,0,0,7,4,0,15,161,861
873,10,2,1,0,0,1,0,0,0,1,1,0,0,0,0,0,0,0,0,0,0,0,0,1,0,0,0,1,0,0,1,3,0,11,164,833
874,11,2,1,0,0,0,0,0,0,0,0,0,0,0,0,0,0,2,0,0,0,0,0,1,0,0,0,0,0,0,0,3,0,19,181,795
875,10,5,2,0,1,0,0,0,0,1,3,0,0,0,0,0,0,1,0,0,0,0,0,2,0,0,0,0,0,0,3,4,1,25,322,1559
876,11,3,1,0,0,0,1,0,0,3,0,0,0,0,0,0,0,0,0,0,0,0,0,1,0,0,0,0,0,0,0,5,0,31,396,1894
877,10,2,2,0,0,0,1,0,0,1,0,0,0,0,0,0,0,0,0,1,0,0,0,2,0,0,0,0,0,0,2,3,0,9,94,403
878,8,10,2,0,1,1,1,0,0,4,1,0,0,0,0,0,0,4,0,1,0,0,0,2,0,0,0,1,0,0,1,14,0,22,284,1416
879,8,15,3,1,2,1,2,0,0,3,5,0,1,0,0,0,0,5,0,1,0,0,0,3,0,0,0,1,0,0,9,12,3,15,198,940
880,9,4,2,0,3,0,0,1,0,1,0,0,3,0,0,0,0,0,0,0,0,0,0,2,0,0,0,0,0,0,3,5,2,12,148,588
881,7,12,4,2,10,2,0,1,0,0,7,0,0,1,0,0,0,3,0,1,0,0,0,4,0,0,0,1,0,1,11,19,0,29,345,1696
882,7,15,1,0,4,2,4,2,0,4,3,0,0,0,0,2,0,6,0,0,0,0,0,1,0,0,0,1,0,1,6,18,4,31,341,1638
883,12,0,1,0,0,0,0,0,0,0,0,0,0,0,0,0,0,0,0,0,0,0,0,1,0,0,0,0,0,0,0,1,0,16,113,465
885,10,9,0,0,3,2,1,0,0,1,6,0,0,0,0,0,0,2,0,0,0,0,0,0,0,0,0,2,0,0,8,5,1,24,319,1524
886,11,0,2,0,1,0,0,0,0,0,0,0,0,0,0,0,0,0,0,0,0,0,0,2,0,0,0,0,0,0,1,1,0,17,139,592
887,9,6,6,0,1,0,2,0,0,2,2,0,1,0,0,0,0,0,0,1,0,0,0,6,0,0,0,0,0,0,4,9,2,24,317,1447
888,10,4,1,1,0,1,1,0,0,0,4,0,0,0,0,0,0,0,0,0,0,0,0,1,0,0,0,1,0,0,5,2,1,22,193,897
889,12,0,0,0,1,0,0,0,0,0,0,0,0,0,0,0,0,0,0,0,0,0,0,0,0,0,0,0,0,0,0,1,0,8,83,355
890,9,7,1,0,4,0,2,1,0,2,2,0,0,0,0,0,0,3,0,0,0,0,0,0,0,1,0,0,0,0,2,13,0,19,258,1359
891,11,3,0,0,0,0,0,0,0,1,1,0,0,0,0,0,0,1,0,0,0,0,0,0,0,0,0,0,0,0,1,2,0,15,206,1003
892,11,1,0,0,1,0,0,0,0,0,0,0,0,1,0,0,0,0,0,0,0,0,0,0,0,0,0,0,0,0,0,2,0,9,67,290
893,10,5,0,0,3,1,1,0,0,3,1,0,0,0,0,0,0,1,0,0,0,0,0,0,0,0,0,1,0,0,2,8,0,24,289,1514
894,7,19,2,0,2,1,2,0,0,6,6,0,1,0,0,0,0,5,0,1,0,0,0,2,0,0,0,1,0,0,7,19,0,18,277,1371
895,11,1,0,0,0,0,0,0,0,0,0,0,1,0,0,0,0,0,0,0,0,0,0,0,0,0,0,0,0,0,0,1,0,24,172,736
896,11,1,0,0,0,0,0,0,0,0,0,0,0,1,0,0,0,0,0,0,0,0,0,0,0,0,0,0,0,0,0,1,0,18,155,736
897,11,3,0,0,0,1,1,0,0,0,1,0,0,0,0,0,1,0,0,1,0,0,0,0,0,0,0,1,0,0,1,4,0,24,251,1047
898,11,4,0,0,0,0,1,0,0,1,1,0,0,0,0,1,0,1,0,0,0,0,0,0,0,0,0,0,0,0,1,4,0,25,271,1328
899,10,7,0,0,1,0,2,0,0,1,0,0,0,1,0,0,0,0,0,5,0,0,0,0,0,0,0,0,0,0,3,7,0,15,146,650
900,9,3,0,2,4,0,1,0,0,0,0,0,0,0,0,0,0,0,0,3,0,0,0,0,0,0,0,0,0,0,5,5,0,14,164,732
901,10,6,2,0,0,0,2,0,0,1,2,0,3,0,0,0,0,0,0,0,0,0,0,2,0,0,0,0,0,0,3,7,0,18,161,694
902,10,2,1,0,0,0,0,0,0,0,0,0,1,0,0,0,0,0,0,1,0,0,0,1,0,0,0,0,0,0,0,3,0,16,128,571
903,11,0,1,0,2,1,0,0,0,0,0,0,0,0,0,0,0,0,0,0,0,0,0,1,0,0,0,1,0,0,3,1,0,16,174,803
904,8,9,0,4,0,0,1,0,0,1,2,0,2,1,0,1,1,0,0,1,0,0,0,0,0,0,0,0,0,0,6,8,0,17,157,743
905,8,12,1,3,1,0,0,1,0,6,1,0,0,0,0,2,0,1,0,2,0,0,0,1,0,0,0,0,0,0,5,12,1,16,149,672
906,11,1,0,0,0,0,0,0,0,1,0,0,0,0,0,0,0,0,0,0,0,0,0,0,0,0,0,0,0,0,0,1,0,14,127,543
907,10,3,1,0,0,0,0,0,0,0,0,0,1,1,0,0,0,0,0,1,0,0,0,1,0,0,0,0,0,0,0,3,1,15,140,596
908,10,10,0,1,1,0,0,0,0,1,4,0,0,1,0,0,0,0,0,4,0,0,0,0,0,0,0,0,0,0,8,4,0,21,146,638
909,11,1,0,4,1,0,0,0,0,0,0,0,0,0,0,0,0,0,0,1,0,0,0,0,0,0,0,0,0,0,4,2,0,16,114,463
910,10,4,0,0,2,0,1,0,0,2,0,1,0,0,0,0,0,1,0,0,0,0,0,0,0,0,0,0,0,0,2,5,0,19,169,714
911,9,4,2,0,1,0,1,1,0,0,0,0,0,3,0,0,0,0,0,1,0,0,0,2,0,0,0,0,0,0,1,7,1,16,144,654
912,10,2,2,0,0,0,0,0,0,0,0,0,0,1,0,0,0,0,0,1,0,0,0,2,0,0,0,0,0,0,0,4,0,17,140,618
913,10,1,3,0,2,0,0,0,0,0,0,0,1,0,0,0,0,0,0,0,0,0,0,3,0,0,0,0,0,0,2,4,0,16,162,699
914,10,1,2,0,0,0,0,0,0,0,1,0,0,0,0,0,0,0,0,0,0,0,0,2,0,0,0,0,0,0,1,0,2,11,192,874
915,11,0,0,0,0,0,1,0,0,0,0,0,0,0,0,0,0,0,0,0,0,0,0,0,0,0,0,0,0,0,0,1,0,17,110,446
916,10,3,0,0,1,0,0,0,0,0,1,0,0,1,0,0,0,0,0,1,0,0,0,0,0,0,0,0,0,0,2,2,0,16,105,458
917,9,5,0,1,0,3,1,0,0,2,1,0,0,1,0,0,0,0,0,1,0,0,0,0,0,0,0,3,0,0,2,5,3,18,188,960
918,11,1,1,1,0,0,0,0,0,0,0,0,0,0,0,0,0,0,0,1,0,0,0,1,0,0,0,0,0,0,1,2,0,16,169,806
919,10,2,1,0,4,0,0,0,0,1,0,0,1,0,0,0,0,0,0,0,0,0,0,1,0,0,0,0,0,0,4,3,0,18,143,596
920,10,4,0,1,1,1,0,0,0,0,0,0,1,1,0,0,0,0,0,2,0,0,0,0,0,0,0,1,0,0,2,5,0,15,135,616
921,10,4,0,0,1,0,0,0,0,0,0,0,2,0,0,1,0,1,0,0,0,0,0,0,0,0,0,0,0,0,1,4,0,15,131,565
922,10,4,0,0,2,0,0,0,0,1,0,0,0,0,0,0,1,0,0,1,0,1,0,0,0,0,0,0,0,0,1,4,0,17,162,710
923,7,20,2,0,4,0,1,0,0,2,2,0,5,2,0,0,0,2,0,5,0,2,0,2,0,0,0,0,0,0,8,18,1,16,209,1044
924,12,0,0,0,0,0,1,0,0,0,0,0,0,0,0,0,0,0,0,0,0,0,0,0,0,0,0,0,0,0,0,1,0,22,193,1027
925,10,6,1,1,1,0,0,0,0,1,2,0,0,0,0,0,0,1,0,1,0,1,0,1,0,0,0,0,0,0,3,6,0,19,227,1023
926,10,2,1,1,0,0,0,0,0,0,1,0,0,0,0,0,0,0,0,1,0,0,0,1,0,0,0,0,0,0,2,2,0,18,200,876
927,10,6,0,0,1,0,0,1,0,0,0,0,0,1,0,1,0,0,0,2,0,2,0,0,0,0,0,0,0,0,2,6,0,18,161,653
928,9,6,2,2,2,0,0,1,0,0,1,0,0,0,0,1,1,0,0,2,0,1,0,2,0,0,0,0,0,0,4,9,0,17,205,992
929,9,5,3,3,2,0,1,0,0,2,1,0,0,0,0,0,0,0,0,1,0,1,0,3,0,0,0,0,0,0,4,9,0,18,210,1017
930,10,1,1,2,1,0,0,0,0,1,0,0,0,0,0,0,0,0,0,0,0,0,0,0,0,1,0,0,0,0,3,2,0,18,158,816
931,10,6,0,1,4,0,0,0,0,1,1,0,2,1,0,0,0,1,0,0,0,0,0,0,0,0,0,0,0,0,4,6,1,16,141,618
932,10,5,1,1,0,0,1,0,0,0,0,0,0,3,0,1,0,0,0,1,0,0,0,1,0,0,0,0,0,0,1,7,0,15,105,524
933,10,5,1,0,1,1,1,0,0,0,2,0,0,1,0,2,0,0,0,0,0,0,0,0,1,0,0,0,0,1,2,6,1,18,197,1041
934,9,10,1,0,0,0,0,1,0,3,2,0,0,1,0,1,0,1,0,2,0,0,0,1,0,0,0,0,0,0,3,9,0,17,182,941
935,11,0,0,1,0,0,1,0,0,0,0,0,0,0,0,0,0,0,0,0,0,0,0,0,0,0,0,0,0,0,1,1,0,17,140,690
936,10,2,0,0,1,0,0,1,0,0,0,0,1,0,0,0,0,0,0,1,0,0,0,0,0,0,0,0,0,0,1,2,1,15,183,873
937,8,8,1,1,5,0,2,1,0,1,1,0,0,1,0,1,1,1,0,2,0,0,0,1,0,0,0,0,0,0,4,12,2,15,136,618
938,8,8,3,1,0,0,1,1,0,1,1,0,2,0,0,0,0,3,0,1,0,0,0,3,0,0,0,0,0,0,2,10,2,26,190,840
939,10,6,0,3,1,0,1,0,0,1,0,0,1,0,0,0,0,1,0,2,0,1,0,0,0,0,0,0,0,0,5,6,0,18,208,971
940,12,2,0,0,3,0,0,0,0,0,0,0,0,2,0,0,0,0,0,0,0,0,0,0,0,0,0,0,0,0,1,4,0,22,256,1217
941,12,0,0,0,0,0,0,0,0,0,0,0,0,0,0,0,0,0,0,0,0,0,0,0,0,0,0,0,0,0,0,0,0,15,165,722
942,10,3,0,1,0,0,2,0,0,0,0,0,0,1,0,0,0,0,0,2,0,0,0,0,0,0,0,0,0,0,1,5,0,15,104,521
943,9,13,0,1,1,0,0,0,0,0,1,0,1,1,0,1,1,0,0,5,0,3,0,0,0,0,0,0,0,0,2,13,0,15,109,474
944,4,22,3,3,12,0,0,1,0,2,1,0,3,3,0,1,2,1,0,9,0,0,0,2,0,1,0,0,0,0,5,36,0,15,164,795
945,8,8,3,1,2,0,0,0,0,2,0,0,0,1,0,0,0,2,0,3,0,0,0,3,0,0,0,0,0,0,1,12,1,14,139,631
946,10,11,0,0,1,0,0,0,0,1,2,0,1,1,0,0,0,1,0,3,0,2,0,0,0,0,0,0,0,0,3,9,0,17,171,824
947,5,15,3,2,2,0,2,1,0,2,2,0,1,1,0,0,0,5,0,3,0,1,0,2,1,0,0,0,0,0,8,14,2,14,180,775
948,10,11,0,2,1,1,0,0,0,0,3,0,0,1,0,2,0,1,0,3,0,1,0,0,0,0,0,1,0,0,5,10,0,18,142,663
949,10,10,4,4,1,0,1,0,0,0,0,0,1,3,0,0,1,0,0,4,0,1,0,3,0,1,0,0,0,0,6,14,0,17,140,591
950,7,13,3,1,0,0,2,0,0,1,1,0,3,3,0,1,1,1,0,1,0,1,0,2,0,1,0,0,0,0,2,17,0,16,180,906
951,10,2,0,0,1,1,0,0,0,0,0,0,1,0,0,1,0,0,0,0,0,0,0,0,0,0,0,0,0,1,1,3,0,15,125,538
952,10,2,1,1,3,0,0,0,0,0,0,0,0,0,0,0,0,1,0,1,0,0,0,1,0,0,0,0,0,0,4,2,1,16,120,533
953,9,8,1,3,1,1,0,0,0,2,2,0,1,0,0,1,0,1,0,1,0,0,0,1,0,0,0,1,0,0,6,8,0,19,154,637
954,8,8,4,3,3,1,3,1,0,1,1,0,0,0,0,0,1,3,0,1,0,1,0,4,0,0,0,1,0,0,6,17,0,15,151,677
955,10,7,0,2,0,0,1,2,0,1,0,0,1,0,0,0,0,1,0,4,0,0,0,0,0,0,0,0,0,0,2,10,0,9,157,677
956,7,14,1,4,2,0,0,0,0,1,0,0,0,3,0,0,0,0,0,8,0,2,0,1,0,0,0,0,0,0,6,15,0,14,204,972
957,9,6,2,7,2,0,0,0,0,0,0,0,1,0,0,0,0,1,0,4,0,0,0,2,0,0,0,0,0,0,8,8,0,17,200,869
958,7,9,4,0,0,2,0,0,0,0,3,0,2,0,0,2,0,0,0,0,0,2,0,2,2,0,0,2,0,0,4,10,1,11,184,983
959,6,6,6,3,0,0,1,0,0,0,2,0,2,0,0,1,0,0,0,1,0,0,0,6,0,0,0,0,0,0,5,8,3,9,166,984
960,11,3,0,0,0,0,0,0,0,0,2,0,0,0,0,0,0,1,0,0,0,0,0,0,0,0,0,0,0,0,2,1,0,12,100,393
961,8,11,0,0,0,0,0,0,0,4,1,0,0,0,0,2,0,3,0,1,0,0,0,0,0,0,0,0,0,0,2,9,0,23,253,1271
962,7,19,0,0,4,1,2,0,0,8,3,0,0,2,0,5,0,1,0,0,0,0,0,0,0,0,0,1,0,0,3,22,1,27,287,1301
963,11,1,0,0,1,0,0,0,0,0,0,0,0,0,0,0,0,0,0,1,0,0,0,0,0,0,0,0,0,0,0,2,0,13,149,606
964,10,5,2,0,0,0,0,0,0,0,3,0,0,0,0,1,0,1,0,0,0,0,0,1,0,1,0,0,0,0,3,4,0,18,215,1115
965,10,9,0,1,0,1,0,0,0,0,6,0,0,0,0,1,0,1,0,1,0,0,0,0,0,0,0,1,0,0,7,3,1,20,310,1611
966,12,0,0,0,0,0,0,0,0,0,0,0,0,0,0,0,0,0,0,0,0,0,0,0,0,0,0,0,0,0,0,0,0,12,95,425
967,10,2,0,0,2,1,0,0,0,1,0,0,0,0,0,0,0,1,0,0,0,0,0,0,0,0,0,1,0,0,1,4,0,23,251,1296
968,10,4,0,1,0,0,1,1,0,2,1,0,0,0,0,0,0,1,0,0,0,0,0,0,0,0,0,0,0,0,2,5,0,14,191,969
969,10,4,0,0,0,0,0,0,0,1,0,0,0,1,0,0,0,2,0,0,0,0,0,0,0,0,0,0,0,0,0,4,0,11,91,354
970,8,12,1,0,2,0,5,0,0,2,8,0,0,2,0,0,0,0,0,0,0,0,0,0,0,1,0,0,0,0,11,8,1,23,280,1558
971,10,8,0,0,0,0,2,0,0,2,6,0,0,0,0,0,0,0,0,0,0,0,0,0,0,0,0,0,0,0,8,2,0,15,174,894
973,7,21,5,0,1,2,1,0,0,6,7,0,0,0,0,1,1,1,0,5,0,0,0,5,0,0,0,2,0,0,8,16,5,12,135,629
974,10,2,2,0,1,0,0,0,0,0,1,0,1,0,0,0,0,0,0,0,0,0,0,2,0,0,0,0,0,0,2,1,2,24,247,1254
975,10,2,3,0,1,0,3,0,0,0,0,0,1,0,0,0,0,1,0,0,0,0,0,3,0,0,0,0,0,0,0,7,2,18,287,1299
976,9,4,2,2,4,0,0,0,0,0,0,0,1,1,0,1,0,0,0,0,0,1,0,2,0,0,0,0,0,0,4,6,2,20,193,1056
977,8,21,0,1,3,1,1,0,0,5,11,0,0,0,0,1,0,3,0,1,0,0,0,0,0,0,0,1,0,0,17,10,0,22,264,1259
978,8,22,1,2,1,0,0,0,0,4,11,0,1,0,0,0,0,5,0,1,0,0,0,1,0,0,0,0,0,0,15,11,0,20,234,1127
979,9,9,1,3,3,1,0,1,0,1,0,0,4,1,0,0,0,0,0,2,0,1,0,1,0,0,0,1,0,0,5,9,4,22,213,936
980,9,7,3,1,3,0,0,0,0,1,1,0,2,2,0,0,0,0,0,0,1,0,0,3,0,0,0,0,0,0,6,6,2,20,197,867
982,8,19,3,2,2,0,0,0,0,11,2,0,0,0,0,0,0,5,0,1,0,0,0,3,0,0,0,0,0,0,5,18,3,21,290,1387
984,9,12,2,3,0,0,0,1,0,1,3,0,0,3,0,1,0,0,0,2,0,2,0,2,0,0,0,0,0,0,8,10,0,13,181,837
985,12,0,0,0,0,0,0,0,0,0,0,0,0,0,0,0,0,0,0,0,0,0,0,0,0,0,0,0,0,0,0,0,0,7,61,245
986,10,1,1,0,0,1,1,0,0,0,0,0,0,0,0,0,0,0,0,0,0,1,0,1,0,0,0,1,0,0,1,3,0,15,231,1001
987,10,2,2,2,0,0,0,0,0,0,0,0,1,0,0,0,0,0,0,1,0,0,0,1,1,0,0,0,0,0,3,2,1,16,217,1029
988,10,1,1,0,0,5,0,0,0,0,0,0,0,1,0,0,0,0,0,0,0,0,0,1,0,0,0,5,0,0,0,7,0,16,184,871
989,10,4,1,1,0,0,0,0,0,2,0,0,0,0,0,1,0,1,0,0,0,0,0,1,0,0,0,0,0,0,1,4,1,27,229,914
990,9,12,5,0,0,5,0,0,0,1,0,1,0,7,0,0,0,0,0,3,0,0,0,5,0,0,1,3,0,1,1,21,0,33,333,1555
991,9,12,0,0,0,2,0,0,0,3,7,0,0,0,0,0,0,1,0,1,0,0,0,0,0,0,0,2,0,0,8,6,0,31,209,882
992,9,10,1,1,2,2,0,0,0,2,1,0,2,1,0,0,0,2,0,2,0,0,0,1,0,0,0,2,0,0,4,11,0,26,225,1032
993,10,6,2,0,0,0,1,0,0,1,1,1,0,2,0,0,0,1,0,0,0,0,0,1,0,1,0,0,0,0,1,8,0,27,309,1654
994,10,9,1,0,0,0,0,0,0,0,2,0,1,1,0,2,0,2,0,1,0,0,0,1,0,0,0,0,0,0,3,7,0,37,370,1695
995,9,7,5,1,0,2,0,0,0,1,3,0,0,1,0,0,0,1,0,0,0,1,0,3,2,0,0,2,0,0,3,12,0,26,239,1134
996,11,0,0,0,0,1,0,1,0,0,0,0,0,0,0,0,0,0,0,0,0,0,0,0,0,0,0,1,0,0,0,2,0,9,70,314
997,11,1,1,0,2,1,0,0,0,0,1,0,0,0,0,0,0,0,0,0,0,0,0,1,0,0,0,1,0,0,3,2,0,24,260,1131
998,10,3,1,0,1,0,0,0,0,1,1,0,0,1,0,0,0,0,0,0,0,0,0,1,0,0,0,0,0,0,2,3,0,25,227,1207
999,10,4,1,0,2,0,0,3,0,2,1,0,1,0,0,0,0,0,0,0,0,0,0,1,0,0,0,0,0,0,5,5,0,20,200,852
1000,10,8,0,0,1,2,0,0,0,0,5,0,0,0,0,0,0,3,0,0,0,0,0,0,0,0,0,2,0,0,7,4,0,25,305,1631
1001,11,3,0,0,1,0,0,0,0,1,2,0,0,0,0,0,0,0,0,0,0,0,0,0,0,0,0,0,0,0,2,2,0,13,192,837
1002,9,13,2,0,0,0,0,0,0,1,0,0,0,8,0,0,0,0,0,4,0,0,0,2,0,0,0,0,0,0,6,8,0,18,186,829
1003,12,0,0,0,0,0,0,0,0,0,0,0,0,0,0,0,0,0,0,0,0,0,0,0,0,0,0,0,0,0,0,0,0,7,64,294
1004,10,5,0,5,0,0,0,0,0,0,0,0,2,1,0,1,0,0,0,1,0,0,0,0,0,0,0,0,0,0,5,4,0,15,197,896
1005,11,0,0,2,2,0,0,0,0,0,0,0,0,0,0,0,0,0,0,0,0,0,0,0,0,0,0,0,0,0,4,0,0,18,230,1181
1006,10,5,1,0,0,0,0,0,0,0,1,0,0,0,0,0,0,2,0,2,0,0,0,1,0,0,0,0,0,0,3,2,1,16,142,679
1007,10,3,0,1,6,0,0,2,0,0,0,0,0,0,0,0,0,1,0,1,0,1,0,0,0,0,0,0,0,0,7,4,1,16,146,708
1008,9,5,7,3,3,0,0,0,0,3,1,0,0,0,0,0,0,0,1,0,0,0,0,6,0,1,0,0,0,0,5,12,1,31,298,1413
1009,10,2,4,5,4,0,0,0,0,1,1,0,0,0,0,0,0,0,0,0,0,0,0,4,0,0,0,0,0,0,9,5,1,24,368,1828
1010,10,3,0,0,2,0,0,1,0,3,0,0,0,0,0,0,0,0,0,0,0,0,0,0,0,0,0,0,0,0,2,4,0,18,193,839
1011,11,1,0,0,0,0,0,0,0,0,0,1,0,0,0,0,0,0,0,0,0,0,0,0,0,0,0,0,0,0,0,1,0,7,64,280
1012,9,5,3,3,1,3,0,0,0,3,0,0,0,0,0,1,0,0,0,1,0,0,0,3,0,0,0,3,0,0,4,11,0,15,206,980
1013,10,3,4,4,1,1,0,0,0,1,0,0,1,0,0,0,0,0,0,0,0,1,0,4,0,0,0,0,0,1,4,7,2,24,307,1584
1014,9,5,3,0,0,0,0,1,0,1,2,0,0,0,0,0,0,1,0,1,0,0,0,3,0,0,0,0,0,0,1,4,4,16,151,668
1015,10,2,1,2,1,2,2,0,0,2,0,0,0,0,0,0,0,0,0,0,0,0,0,1,0,0,1,1,0,0,1,9,0,15,173,794
1016,10,9,0,0,0,0,0,0,0,1,7,0,1,0,0,0,0,0,0,0,0,0,0,0,0,0,0,0,0,0,6,2,1,10,99,424
1017,10,3,1,0,0,0,0,0,0,0,0,0,0,3,0,0,0,0,0,0,0,0,0,1,0,0,0,0,0,0,1,3,0,13,99,424
1019,7,2,7,2,0,7,0,0,0,0,0,0,0,0,0,0,0,0,0,2,0,0,0,6,1,0,0,7,0,0,2,16,0,16,180,840
1020,11,2,2,0,0,0,0,0,0,0,0,0,1,0,0,1,0,0,0,0,0,0,0,2,0,0,0,0,0,0,0,2,2,18,220,934
1021,11,3,0,1,0,1,1,0,0,0,3,0,0,0,0,0,0,0,0,0,0,0,0,0,0,0,0,1,0,0,4,2,0,22,268,1373
1022,11,2,0,0,0,0,0,0,0,1,0,0,0,0,0,0,0,0,0,1,0,0,0,0,0,0,0,0,0,0,1,1,0,24,264,1170
1023,10,1,4,0,0,0,0,2,0,0,0,0,0,0,0,0,0,0,0,1,0,0,0,4,0,0,0,0,0,0,0,6,1,23,204,909
1024,10,2,0,0,1,0,0,0,0,1,0,0,0,0,0,1,0,0,0,0,0,0,0,0,0,0,0,0,0,0,1,2,0,6,46,206
1025,12,1,0,0,0,0,0,0,0,0,0,0,0,0,0,0,0,0,0,1,0,0,0,0,0,0,0,0,0,0,0,1,0,18,225,1194
1026,11,0,1,0,1,0,0,0,0,0,0,0,0,0,0,0,0,0,0,0,0,0,0,1,0,0,0,0,0,0,1,1,0,20,230,1154
1027,10,4,1,0,0,1,0,0,0,4,0,0,0,0,0,0,0,0,0,0,0,0,0,1,0,0,0,1,0,0,1,5,0,23,299,1591
1028,7,10,2,5,1,3,0,0,0,4,0,0,0,0,0,2,0,0,0,3,0,1,0,2,0,0,0,3,0,0,6,14,1,16,168,770
1029,8,8,0,0,0,1,0,1,0,1,1,0,0,3,0,0,0,0,0,3,0,0,0,0,0,0,0,1,0,0,0,7,2,16,171,745
1030,8,3,1,0,3,0,1,0,0,1,0,0,0,0,0,1,0,1,0,0,0,0,0,1,0,0,0,0,0,0,3,5,0,6,72,284
1031,10,4,1,0,0,0,1,0,0,1,0,0,0,0,0,1,0,1,0,1,0,0,0,1,0,0,0,0,0,0,0,6,0,18,204,912
1032,12,0,0,2,0,0,0,0,0,0,0,0,0,0,0,0,0,0,0,0,0,0,0,0,0,0,0,0,0,0,2,0,0,15,145,685
1033,6,1,0,0,1,0,0,0,0,1,0,0,0,0,0,0,0,0,0,0,0,0,0,0,0,0,0,0,0,0,1,1,0,13,150,782
1034,11,1,0,0,0,0,0,0,0,0,1,0,0,0,0,0,0,0,0,0,0,0,0,0,0,0,0,0,0,0,1,0,0,15,139,623
1035,10,3,1,0,2,0,0,0,0,0,0,0,0,0,0,1,0,0,0,2,0,0,0,1,0,0,0,0,0,0,2,4,0,16,142,667
1037,10,2,0,1,0,0,0,0,0,0,0,0,0,0,0,0,0,0,0,1,0,1,0,0,0,0,0,0,0,0,1,2,0,15,150,706
1038,11,6,0,0,1,0,0,1,0,2,0,0,0,0,0,0,0,4,0,0,0,0,0,0,0,0,0,0,0,0,2,6,0,26,355,1956
1039,10,10,3,0,0,0,0,0,0,3,1,0,0,0,0,1,0,2,0,3,0,0,0,3,0,0,0,0,0,0,2,11,0,13,117,513
1040,9,7,0,0,0,1,0,0,0,2,0,0,4,0,0,0,0,1,0,0,0,0,0,0,0,0,0,1,0,0,0,7,1,7,71,289
1041,6,8,0,1,2,0,0,0,0,3,0,0,0,0,0,0,0,0,0,5,0,0,0,0,0,0,0,0,0,0,3,8,0,11,155,709
1042,7,9,2,0,5,0,1,0,0,1,0,0,1,3,0,0,0,1,0,3,0,0,0,2,0,0,0,0,0,0,4,12,1,20,225,1145
1043,7,10,6,0,7,0,1,0,0,1,2,0,0,2,0,1,0,1,0,3,0,0,0,6,0,0,0,0,0,0,10,14,0,17,209,905
1044,11,0,0,2,2,0,0,1,0,0,0,0,0,0,0,0,0,0,0,0,0,0,0,0,0,0,0,0,0,0,4,1,0,11,115,581
1045,6,1,0,1,0,0,1,0,0,1,0,0,0,0,0,0,0,0,0,0,0,0,0,0,0,0,0,0,0,0,1,1,1,10,112,545
1046,8,18,2,1,1,1,1,0,0,0,2,0,0,9,0,0,0,3,0,3,0,1,0,2,0,0,0,1,0,0,8,15,1,20,218,1066
1047,11,1,0,0,0,0,1,0,0,1,0,0,0,0,0,0,0,0,0,0,0,0,0,0,0,0,0,0,0,0,0,2,0,8,81,343
1048,11,2,1,1,0,0,0,0,0,1,1,0,0,0,0,0,0,0,0,0,0,0,0,1,0,0,0,0,0,0,2,2,0,18,231,1055
1049,10,6,0,0,0,0,0,1,0,0,2,0,4,0,0,0,0,0,0,0,0,0,0,0,0,0,0,0,0,0,2,5,0,20,243,1396
1050,8,6,2,0,12,0,1,0,0,2,2,0,1,0,0,0,0,0,0,1,0,0,0,2,0,0,0,0,0,0,14,5,2,13,102,449
1051,10,1,0,3,1,1,0,0,0,0,0,0,0,0,0,0,0,0,0,1,0,0,0,0,0,0,0,1,0,0,4,2,0,15,142,638
1052,10,2,1,2,3,1,2,0,0,0,0,0,0,1,0,0,0,0,0,1,0,0,0,1,0,0,0,1,0,0,4,6,1,13,145,668
1053,10,3,0,0,7,0,0,0,0,2,0,0,0,0,0,1,0,0,0,0,0,0,0,0,0,0,0,0,0,0,3,7,0,19,182,817
1054,10,5,0,1,4,0,0,0,0,1,1,3,0,0,0,0,0,0,0,0,0,0,0,0,0,0,0,0,0,0,2,8,0,16,146,750
1056,10,3,0,2,2,0,1,0,0,1,1,0,0,1,0,0,0,0,0,0,0,0,0,0,0,0,0,0,0,0,3,4,1,20,180,829
1057,10,7,0,0,1,1,1,0,0,4,1,0,1,0,0,1,0,0,0,0,0,0,0,0,0,0,0,0,0,1,4,6,0,19,163,731
1058,10,2,1,1,1,1,0,0,0,1,1,0,0,0,0,0,0,0,0,0,0,0,0,1,0,0,1,0,0,0,2,3,1,18,141,646
1059,10,5,2,0,1,0,0,0,0,1,1,0,2,0,0,0,0,0,0,1,0,0,0,1,0,1,0,0,0,0,3,5,0,18,168,773
1060,11,1,0,0,1,1,0,0,0,1,0,0,0,0,0,0,0,0,0,0,0,0,0,0,0,0,0,1,0,0,1,2,0,33,206,849
1061,11,0,1,0,3,0,0,1,0,0,0,0,0,0,0,0,0,0,0,0,0,0,0,1,0,0,0,0,0,0,3,0,2,26,212,892
1062,6,0,0,1,1,0,0,0,0,0,0,0,0,0,0,0,0,0,0,0,0,0,0,0,0,0,0,0,0,0,2,0,0,11,111,491
1063,11,0,1,0,2,0,0,0,0,0,0,0,0,0,0,0,0,0,0,0,0,0,0,0,0,1,0,0,0,0,3,0,0,22,200,849
1064,11,0,0,0,2,0,0,0,0,0,0,0,0,0,0,0,0,0,0,0,0,0,0,0,0,0,0,0,0,0,2,0,0,15,172,726
1065,6,1,1,0,2,0,0,0,0,0,1,0,0,0,0,0,0,0,0,0,0,0,0,1,0,0,0,0,0,0,4,0,0,12,120,517
1066,11,2,0,0,1,0,1,0,0,0,1,0,1,0,0,0,0,0,0,0,0,0,0,0,0,0,0,0,0,0,2,1,1,19,184,932
1067,5,3,1,1,0,0,1,0,0,2,1,0,0,0,0,0,0,0,0,0,0,0,0,1,0,0,0,0,0,0,3,3,0,13,143,634
1068,10,4,3,0,1,0,0,0,0,2,2,0,0,0,0,0,0,0,0,0,0,0,0,3,0,0,0,0,0,0,2,6,0,16,158,799
1069,11,1,1,1,1,0,1,0,0,1,0,0,0,0,0,0,0,0,0,0,0,0,0,1,0,0,0,0,0,0,4,1,0,16,212,1090
1070,11,1,1,0,0,0,0,0,0,0,0,0,0,0,0,0,0,0,0,0,0,1,0,1,0,0,0,0,0,0,0,2,0,16,114,505
1071,10,3,1,0,1,0,0,0,0,0,0,0,0,0,0,0,0,1,0,2,0,0,0,1,0,0,0,0,0,0,1,4,0,21,184,841
1072,9,5,4,1,0,1,0,0,0,0,1,0,0,1,0,0,0,0,0,0,0,3,0,4,0,0,1,0,0,0,1,10,0,21,194,918
1073,10,3,2,0,2,1,0,0,0,1,1,0,1,0,0,0,0,0,0,0,0,0,0,2,0,0,0,1,0,0,3,4,1,31,209,888
1074,11,1,1,0,4,0,0,0,0,1,0,0,0,0,0,0,0,0,0,0,0,0,0,1,0,0,0,0,0,0,3,2,1,19,201,888
1075,5,1,0,2,1,1,0,0,0,0,0,0,0,0,0,0,0,0,0,1,0,0,0,0,0,0,0,1,0,0,1,2,2,13,108,462
1076,9,5,1,2,3,3,2,1,0,0,1,0,1,0,0,2,0,0,0,1,0,0,0,1,0,0,0,3,0,0,7,8,2,17,164,783
1077,10,4,0,0,0,0,0,0,0,3,0,0,1,0,0,0,0,0,0,0,0,0,0,0,0,0,0,0,0,0,0,4,0,20,175,787
1078,5,1,1,0,3,0,0,0,0,0,0,0,0,0,0,0,0,0,0,1,0,0,0,1,0,0,0,0,0,0,2,3,0,8,74,334
1079,10,4,3,0,2,1,0,0,0,1,1,0,0,1,0,0,0,1,0,0,0,0,0,0,0,3,0,1,0,0,6,4,0,21,214,1067
1080,10,2,2,0,1,0,3,1,0,1,0,0,0,0,0,0,0,0,0,1,0,0,0,2,0,0,0,0,0,0,0,6,3,19,203,1022
1081,6,0,0,0,1,0,0,0,0,0,0,0,0,0,0,0,0,0,0,0,0,0,0,0,0,0,0,0,0,0,1,0,0,12,101,463
1082,5,3,0,0,0,2,0,0,0,2,0,0,0,1,0,0,0,0,0,0,0,0,0,0,0,0,1,1,0,0,0,4,1,17,181,913
1083,5,1,4,0,0,0,0,0,0,0,1,0,0,0,0,0,0,0,0,0,0,0,0,3,0,1,0,0,0,0,2,3,0,11,175,813
1084,10,3,1,0,2,0,1,0,0,1,0,0,1,0,0,0,0,0,0,1,0,0,0,1,0,0,0,0,0,0,2,5,0,21,242,1182
1087,9,7,0,0,1,0,1,0,0,0,0,1,0,1,0,1,0,0,0,2,0,2,0,0,0,0,0,0,0,0,0,9,0,18,236,1120
1088,10,1,2,0,1,0,0,0,0,0,1,0,0,0,0,0,0,0,0,0,0,0,0,2,0,0,0,0,0,0,2,1,1,21,178,830
1089,11,2,0,0,0,0,0,0,0,0,0,0,0,0,0,0,0,1,0,1,0,0,0,0,0,0,0,0,0,0,0,2,0,16,152,681
1090,8,3,0,0,0,0,0,0,0,0,0,0,1,0,0,2,0,0,0,0,0,0,0,0,0,0,0,0,0,0,0,2,1,14,145,635
1092,7,1,0,0,1,0,1,0,0,1,0,0,0,0,0,0,0,0,0,0,0,0,0,0,0,0,0,0,0,0,1,2,0,6,123,531
1093,6,0,2,0,0,0,0,0,0,0,0,0,0,0,0,0,0,0,0,0,0,0,1,1,0,0,0,0,0,0,0,2,0,9,127,541
1094,6,0,0,0,2,0,0,0,0,0,0,0,0,0,0,0,0,0,0,0,0,0,0,0,0,0,0,0,0,0,2,0,0,9,95,410
1095,11,4,0,2,2,0,0,0,0,1,2,0,0,0,0,0,0,0,0,1,0,0,0,0,0,0,0,0,0,0,4,4,0,19,174,763
1096,10,5,2,0,5,0,0,0,0,2,0,0,1,1,0,0,0,0,0,1,0,0,0,2,0,0,0,0,0,0,1,10,1,18,193,893
1097,9,3,0,0,2,0,0,0,0,1,1,0,0,0,0,0,0,0,0,1,0,0,0,0,0,0,0,0,0,0,3,2,0,13,154,714
1098,8,10,4,0,6,0,2,0,0,4,0,0,2,0,0,0,0,0,0,3,0,1,0,4,0,0,0,0,0,0,2,18,1,19,211,920
1099,7,4,4,0,6,0,0,0,0,1,0,0,0,0,0,0,0,2,0,1,0,0,0,4,0,0,0,0,0,0,2,10,2,10,120,546
1100,5,1,3,0,6,0,0,1,0,1,0,0,0,0,0,0,0,0,0,0,0,0,0,2,0,1,0,0,0,0,0,7,4,9,101,430
1101,5,2,2,1,4,0,1,0,0,0,0,0,1,0,0,1,0,0,0,0,0,0,0,2,0,0,0,0,0,0,4,6,0,11,87,385
1102,5,5,3,0,2,0,0,1,0,1,1,0,0,1,0,0,0,0,0,2,0,0,0,3,0,0,0,0,0,0,2,6,3,8,114,484
1103,5,9,4,2,6,0,0,1,0,1,0,0,3,1,0,0,0,0,0,2,0,2,0,4,0,0,0,0,0,0,4,17,1,12,148,702
1104,12,0,0,0,3,0,0,0,0,0,0,0,0,0,0,0,0,0,0,0,0,0,0,0,0,0,0,0,0,0,2,1,0,12,85,349
1105,11,0,0,0,2,0,1,0,0,0,0,0,0,0,0,0,0,0,0,0,0,0,0,0,0,0,0,0,0,0,2,1,0,10,86,370
1106,10,0,0,0,8,0,0,0,0,0,0,0,0,0,0,0,0,0,0,0,0,0,0,0,0,0,0,0,0,0,7,1,0,17,159,761
1107,10,2,0,2,9,0,0,0,0,0,1,0,0,0,0,0,0,0,0,1,0,0,0,0,0,0,0,0,0,0,12,1,0,14,113,598
1109,11,3,1,1,1,1,1,0,0,0,1,0,0,0,0,1,0,0,0,1,0,0,0,1,0,0,0,0,0,1,3,4,1,20,176,804
1110,10,2,2,0,1,0,2,1,0,1,0,1,0,0,0,0,0,0,0,0,0,0,0,2,0,0,0,0,0,0,1,7,0,16,129,660
1111,8,5,4,4,2,2,1,0,0,1,0,0,0,1,0,0,0,0,0,3,0,0,0,4,0,0,0,2,0,0,6,11,1,20,186,871
1112,10,1,2,1,0,0,0,1,0,1,0,0,0,0,0,0,0,0,0,0,0,0,0,2,0,0,0,0,0,0,1,2,2,16,120,507
1113,10,3,1,1,0,1,1,0,0,1,0,0,0,1,0,0,0,0,0,1,0,0,0,1,0,0,0,1,0,0,1,6,0,17,133,557
1114,12,1,0,0,2,0,0,0,0,0,0,0,0,0,0,0,0,0,0,1,0,0,0,0,0,0,0,0,0,0,2,1,0,16,108,465
1115,11,0,1,0,4,0,0,0,0,0,0,0,0,0,0,0,0,0,0,0,0,0,0,1,0,0,0,0,0,0,4,1,0,13,146,647
1116,10,7,2,1,5,0,1,0,0,1,1,2,0,0,0,0,0,0,0,3,0,0,0,2,0,0,0,0,0,0,9,5,0,17,230,1145
1117,11,1,1,0,1,0,0,0,0,0,0,0,0,0,0,0,0,0,0,0,0,1,0,1,0,0,0,0,0,0,1,2,0,19,264,1251
1118,10,4,3,0,0,0,0,0,0,0,0,0,0,3,0,0,0,0,0,0,0,1,0,3,0,0,0,0,0,0,0,7,0,14,264,1174
1119,12,1,0,0,0,0,0,0,0,0,0,0,1,0,0,0,0,0,0,0,0,0,0,0,0,0,0,0,0,0,0,1,0,11,186,829
1120,10,1,2,0,0,2,0,0,0,0,0,0,0,1,0,0,0,0,0,0,0,0,0,2,0,0,1,1,0,0,0,5,0,18,213,1120
1121,11,3,1,0,1,0,0,1,0,0,1,0,0,1,0,0,0,0,1,0,0,0,0,1,0,0,0,0,0,0,2,4,0,16,208,1023
1122,12,0,0,0,2,0,0,0,0,0,0,0,0,0,0,0,0,0,0,0,0,0,0,0,0,0,0,0,0,0,2,0,0,23,181,760
1123,12,1,0,0,2,0,0,1,0,1,0,0,0,0,0,0,0,0,0,0,0,0,0,0,0,0,0,0,0,0,3,1,0,13,120,503
1124,10,3,2,1,2,0,0,0,0,1,0,0,0,0,0,0,0,0,0,2,0,0,0,1,0,1,0,0,0,0,3,5,0,16,202,993
1125,11,0,1,0,5,1,0,0,0,0,0,0,0,0,0,0,0,0,0,0,0,0,0,1,0,0,0,1,0,0,5,2,0,23,219,955
1126,12,0,0,0,0,0,0,0,0,0,0,0,0,0,0,0,0,0,0,0,0,0,0,0,0,0,0,0,0,0,0,0,0,9,113,495
1127,11,2,0,0,0,0,0,1,0,0,0,0,0,1,0,0,0,0,0,1,0,0,0,0,0,0,0,0,0,0,1,2,0,18,179,765
1128,9,6,1,0,3,1,0,0,0,3,0,0,0,1,0,0,0,1,0,1,0,0,0,1,0,0,0,1,0,0,3,6,2,22,245,1102
1129,10,4,3,0,2,0,0,0,0,1,0,3,0,0,0,0,0,0,0,0,0,0,0,3,0,0,0,0,0,0,2,7,0,17,208,1075
1130,10,4,0,1,3,0,1,0,0,0,0,0,0,1,0,1,0,0,0,2,0,0,0,0,0,0,0,0,0,0,3,5,1,22,281,1221
1131,10,0,1,0,3,0,0,0,0,0,0,0,0,0,0,0,0,0,0,0,0,0,0,1,0,0,0,0,0,0,2,2,0,10,121,494
1132,11,1,1,0,2,0,0,1,0,0,0,0,0,0,0,1,0,0,0,0,0,0,0,1,0,0,0,0,0,0,1,4,0,17,146,671
1133,11,0,0,0,1,1,0,0,0,0,0,0,0,0,0,0,0,0,0,0,0,0,0,0,0,0,1,0,0,0,2,0,0,20,140,552
1134,11,1,0,1,2,0,0,1,0,1,0,0,0,0,0,0,0,0,0,0,0,0,0,0,0,0,0,0,0,0,4,1,0,14,132,577
1135,10,1,2,1,0,1,0,0,0,0,0,0,0,0,0,0,0,0,0,0,0,1,0,2,0,0,0,1,0,0,2,2,1,9,98,436
1136,10,2,0,0,3,0,0,0,0,1,0,0,0,0,0,0,0,1,0,0,0,0,0,0,0,0,0,0,0,0,3,2,0,10,113,494
1137,10,3,1,0,3,0,0,0,0,1,0,0,2,0,0,0,0,0,0,0,0,0,0,0,0,1,0,0,0,0,4,3,0,13,187,773
1138,10,1,1,0,3,0,0,0,0,0,0,1,0,0,0,0,0,0,0,0,0,0,0,1,0,0,0,0,0,0,4,1,0,16,142,713
1139,10,2,3,1,4,0,1,0,0,2,0,0,0,0,0,0,0,0,0,0,0,0,0,3,0,0,0,0,0,0,6,4,1,19,193,871
1140,10,0,3,0,3,1,0,0,0,0,0,0,0,0,0,0,0,0,0,0,0,0,0,3,0,0,0,1,0,0,3,2,2,15,137,580
1141,10,0,1,0,5,0,1,1,0,0,0,0,0,0,0,0,0,0,0,0,0,0,0,1,0,0,0,0,0,0,5,2,1,22,127,565
1142,10,2,2,0,5,0,0,0,0,0,1,0,1,0,0,0,0,0,0,0,0,0,0,2,0,0,0,0,0,0,6,3,0,18,132,602
1143,11,0,1,0,1,1,0,0,0,0,0,0,0,0,0,0,0,0,0,0,0,0,0,1,0,0,1,0,0,0,1,2,0,11,78,333
1144,10,2,1,0,4,0,0,0,0,0,1,0,0,1,0,0,0,0,0,0,0,0,0,0,0,1,0,0,0,0,3,4,0,9,87,402
1145,10,1,1,0,4,0,0,0,0,0,1,0,0,0,0,0,0,0,0,0,0,0,0,1,0,0,0,0,0,0,5,1,0,17,137,598
1146,8,2,3,0,7,0,0,0,0,0,0,0,1,0,0,0,0,0,0,1,0,0,0,3,0,0,0,0,0,0,7,5,0,9,81,435
1147,3,0,0,0,0,1,0,0,0,0,0,0,0,0,0,0,0,0,0,0,0,0,0,0,0,0,1,0,0,0,0,0,1,18,214,1007
1148,3,0,0,0,0,1,0,0,0,0,0,0,0,0,0,0,0,0,0,0,0,0,0,0,0,0,1,0,0,0,0,0,1,19,259,1240
1149,3,0,0,0,0,1,0,0,0,0,0,0,0,0,0,0,0,0,0,0,0,0,0,0,0,0,1,0,0,0,0,0,1,23,264,1272
1150,3,0,0,0,0,1,0,0,0,0,0,0,0,0,0,0,0,0,0,0,0,0,0,0,0,0,1,0,0,0,0,0,1,26,269,1367
1151,3,0,0,0,0,1,0,0,0,0,0,0,0,0,0,0,0,0,0,0,0,0,0,0,0,0,0,1,0,0,0,0,1,32,395,1922
1152,3,0,1,0,0,2,0,0,0,0,0,0,0,0,0,0,0,0,0,0,0,0,0,0,1,0,1,1,0,0,0,1,2,51,539,2425
1153,3,0,0,0,0,1,0,0,0,0,0,0,0,0,0,0,0,0,0,0,0,0,0,0,0,0,1,0,0,0,0,0,0,18,228,1022
1154,12,0,0,0,1,1,0,0,0,0,0,0,0,0,0,0,0,0,0,0,0,0,0,0,0,0,0,0,0,1,2,0,0,23,203,975
1155,9,3,2,0,0,1,0,2,0,2,0,0,1,0,0,0,0,0,0,0,0,0,0,2,0,0,1,0,0,0,0,7,1,16,166,852
1166,9,10,2,1,9,0,0,1,0,1,3,0,3,0,0,0,0,0,0,3,0,0,0,2,0,0,0,0,0,0,10,10,2,16,407,2350
1176,9,2,5,0,1,0,0,0,0,0,1,0,0,1,0,0,0,0,0,0,0,0,0,4,1,0,0,0,0,0,4,4,0,18,159,704
1177,10,8,1,0,2,1,1,0,0,0,1,0,0,3,0,2,0,0,0,2,0,0,0,1,0,0,0,0,0,1,4,7,1,14,169,795
1178,11,2,3,0,1,0,0,1,0,0,1,0,0,1,0,0,0,0,0,0,0,0,2,1,0,0,0,0,0,0,2,5,0,11,140,769
1180,12,1,1,1,0,0,1,0,0,0,0,0,0,0,0,0,0,0,0,1,0,0,0,1,0,0,0,0,0,0,3,1,0,20,208,985
1182,12,1,1,0,0,0,1,0,0,0,1,0,0,0,0,0,0,0,0,0,0,0,0,1,0,0,0,0,0,0,1,1,0,30,389,2013
1183,9,5,1,0,0,0,0,0,0,1,0,0,0,2,0,0,0,1,0,0,0,1,0,1,0,0,0,0,0,0,1,5,0,21,348,1763
1184,9,8,4,0,0,0,0,1,0,2,3,0,0,0,0,0,0,2,0,1,0,0,0,4,0,0,0,0,0,0,4,7,1,28,343,1785
1187,9,3,1,0,1,0,0,1,0,0,0,0,0,0,0,0,0,0,0,2,0,1,0,1,0,0,0,0,0,0,2,2,2,16,128,612
1188,8,2,3,0,1,2,1,1,0,0,1,0,0,0,0,0,0,0,0,1,0,0,0,3,0,0,0,2,0,0,3,5,2,22,353,1797
1462,11,0,1,0,0,0,0,0,0,0,0,0,0,0,0,0,0,0,0,0,0,0,0,1,0,0,0,0,0,0,0,1,0,23,431,2149
1464,11,2,0,2,1,0,0,0,0,1,0,0,0,0,0,0,0,0,0,0,0,1,0,0,0,0,0,0,0,0,3,2,0,24,291,1550
1465,6,1,1,0,0,0,0,0,0,0,0,0,1,0,0,0,0,0,0,0,0,0,0,1,0,0,0,0,0,0,0,1,1,11,149,658
1466,6,2,0,0,0,0,0,0,0,1,0,0,1,0,0,0,0,0,0,0,0,0,0,0,0,0,0,0,0,0,0,1,1,9,124,561
1467,6,0,0,0,0,0,0,0,0,0,0,0,0,0,0,0,0,0,0,0,0,0,0,0,0,0,0,0,0,0,0,0,0,11,206,992
1468,11,2,0,0,0,0,1,0,0,1,0,0,0,0,0,0,0,0,0,1,0,0,0,0,0,0,0,0,0,0,0,3,0,19,229,1229
1470,6,0,0,0,0,0,0,1,0,0,0,0,0,0,0,0,0,0,0,0,0,0,0,0,0,0,0,0,0,0,0,1,0,10,164,774
1474,6,1,1,0,0,0,0,0,0,0,0,0,1,0,0,0,0,0,0,0,0,0,0,1,0,0,0,0,0,0,0,0,2,13,216,965
1476,11,2,0,0,2,0,0,0,0,2,0,0,0,0,0,0,0,0,0,0,0,0,0,0,0,0,0,0,0,0,2,2,0,21,376,2048
1478,6,0,1,0,0,0,0,0,0,0,0,0,0,0,0,0,0,0,0,0,0,0,0,1,0,0,0,0,0,0,0,0,1,7,151,795
1479,12,1,0,0,4,0,0,1,0,0,0,0,0,1,0,0,0,0,0,0,0,0,0,0,0,0,0,0,0,0,4,2,0,18,299,1635
1482,6,15,2,3,3,1,0,0,0,3,0,0,2,4,0,0,0,0,0,6,0,0,0,2,0,0,0,1,0,0,7,14,2,19,289,1355
1484,10,3,1,0,0,0,0,1,0,0,0,0,2,0,0,0,0,0,1,0,0,0,0,1,0,0,0,0,0,0,1,4,0,23,218,944
1486,7,0,0,0,0,0,0,0,0,0,0,0,0,0,0,0,0,0,0,0,0,0,0,0,0,0,0,0,0,0,0,0,0,10,190,902
1487,11,2,0,0,0,2,1,0,0,0,0,0,1,1,0,0,0,0,0,0,0,0,0,0,0,0,1,1,0,0,0,3,2,15,206,1041
1488,7,17,1,2,1,0,1,0,0,2,0,0,0,2,0,1,2,3,0,5,0,2,0,1,0,0,0,0,0,0,3,18,1,16,211,970
1489,7,0,1,0,0,0,0,0,0,0,0,0,0,0,0,0,0,0,0,0,0,0,0,1,0,0,0,0,0,0,0,1,0,10,152,716
1492,7,1,1,0,1,0,0,0,0,0,0,0,0,0,0,0,0,0,0,1,0,0,0,1,0,0,0,0,0,0,1,1,1,11,222,1038
1495,6,0,0,0,0,0,0,0,0,0,0,0,0,0,0,0,0,0,0,0,0,0,0,0,0,0,0,0,0,0,0,0,0,6,77,411
1509,12,1,0,0,0,0,0,1,0,0,0,0,0,1,0,0,0,0,0,0,0,0,0,0,0,0,0,0,0,0,0,1,1,17,361,1999
1510,12,2,0,1,0,0,0,0,0,0,0,0,0,1,0,0,0,0,0,1,0,0,0,0,0,0,0,0,0,0,1,2,0,22,345,1845
1511,10,3,2,0,0,1,1,0,0,0,0,0,0,1,0,0,0,0,0,2,0,0,0,1,1,0,0,0,0,1,1,4,2,18,346,1904
1512,10,0,2,0,0,0,0,0,0,0,0,0,0,0,0,0,0,0,0,0,0,0,0,1,1,0,0,0,0,0,0,1,0,16,429,2411
1513,11,0,3,0,0,1,1,0,0,0,0,0,0,0,0,0,0,0,0,0,0,0,0,2,0,1,0,0,0,1,3,2,0,27,506,2985
1518,11,2,2,0,0,0,0,0,0,2,0,0,0,0,0,0,0,0,0,0,0,0,0,2,0,0,0,0,0,0,1,2,1,21,305,1737
1524,7,15,5,3,0,0,0,0,0,6,1,0,0,5,0,1,0,0,0,2,0,0,0,5,0,0,0,0,0,0,5,16,2,36,340,1541
1526,12,2,0,0,0,0,0,0,0,0,0,0,0,0,0,0,0,2,0,0,0,0,0,0,0,0,0,0,0,0,0,2,0,28,321,1539
1528,11,5,2,0,0,0,0,2,0,0,1,0,2,1,0,1,0,0,0,0,0,0,0,2,0,0,0,0,0,0,2,4,3,33,514,2531
1529,11,2,1,0,0,1,0,0,0,0,0,0,0,0,0,0,0,0,0,2,0,0,0,1,0,0,0,1,0,0,2,2,0,16,259,1166
1530,7,2,3,0,0,0,1,0,0,0,0,0,0,1,0,1,0,0,0,0,0,0,0,3,0,0,0,0,0,0,1,3,2,13,242,1170
1531,9,0,7,0,0,0,0,0,0,0,0,0,0,0,0,0,0,0,0,0,0,0,0,7,0,0,0,0,0,0,1,1,5,27,458,2214
1532,10,2,1,0,0,0,0,1,0,1,0,0,0,0,0,1,0,0,0,0,0,0,0,1,0,0,0,0,0,0,0,1,3,16,430,2503
1534,12,2,0,0,0,0,0,0,0,0,0,0,0,2,0,0,0,0,0,0,0,0,0,0,0,0,0,0,0,0,1,1,0,18,335,1681
1536,12,0,0,0,0,0,0,1,0,0,0,0,0,0,0,0,0,0,0,0,0,0,0,0,0,0,0,0,0,0,0,0,1,12,315,1696
1559,12,1,1,0,0,1,0,0,0,0,0,0,0,0,0,0,0,0,0,1,0,0,0,1,0,0,0,1,0,0,1,0,2,19,394,1957
1563,11,2,0,0,0,0,1,0,0,0,0,0,0,1,0,0,0,0,0,1,0,0,0,0,0,0,0,0,0,0,1,2,0,22,296,1565
1564,6,1,0,2,0,1,0,1,0,0,0,0,0,0,0,0,0,0,0,1,0,0,0,0,0,0,1,0,0,0,2,2,1,14,203,1244
1565,11,2,0,1,1,0,1,3,0,0,0,0,1,1,0,0,0,0,0,0,0,0,0,0,0,0,0,0,0,0,2,6,0,17,349,1786
1566,12,0,0,0,0,0,0,0,0,0,0,0,0,0,0,0,0,0,0,0,0,0,0,0,0,0,0,0,0,0,0,0,0,18,333,1762
1567,6,0,0,0,0,0,0,0,0,0,0,0,0,0,0,0,0,0,0,0,0,0,0,0,0,0,0,0,0,0,0,0,0,13,123,518
1568,11,0,0,0,0,0,0,0,0,0,0,0,0,0,0,0,0,0,0,0,0,0,0,0,0,0,0,0,0,0,0,0,0,18,232,1237
1571,9,7,0,0,3,0,1,1,0,1,2,0,0,0,0,0,0,2,0,2,0,0,0,0,0,0,0,0,0,0,5,6,1,18,234,1350
1572,12,0,0,0,0,0,0,0,0,0,0,0,0,0,0,0,0,0,0,0,0,0,0,0,0,0,0,0,0,0,0,0,0,21,432,2317
1574,11,0,0,0,1,1,0,1,0,0,0,0,0,0,0,0,0,0,0,0,0,0,0,0,0,0,1,0,0,0,2,0,1,35,497,2828
1575,12,0,0,1,0,0,3,0,0,0,0,0,0,0,0,0,0,0,0,0,0,0,0,0,0,0,0,0,0,0,1,1,2,25,382,2188
1576,6,0,0,0,0,0,1,0,0,0,0,0,0,0,0,0,0,0,0,0,0,0,0,0,0,0,0,0,0,0,0,0,1,13,303,1521
1578,12,0,1,0,3,0,0,0,0,0,0,0,0,0,0,0,0,0,0,0,0,0,0,1,0,0,0,0,0,0,3,0,1,29,363,1968
1579,12,0,0,0,0,0,0,0,0,0,0,0,0,0,0,0,0,0,0,0,0,0,0,0,0,0,0,0,0,0,0,0,0,24,490,2647
1580,12,0,0,0,0,0,0,0,0,0,0,0,0,0,0,0,0,0,0,0,0,0,0,0,0,0,0,0,0,0,0,0,0,15,158,737
1581,12,1,0,1,0,0,0,0,0,0,0,0,1,0,0,0,0,0,0,0,0,0,0,0,0,0,0,0,0,0,1,0,1,19,417,2217
1582,12,1,0,0,2,0,0,0,0,1,0,0,0,0,0,0,0,0,0,0,0,0,0,0,0,0,0,0,0,0,2,1,0,22,297,1565
1583,11,2,1,1,0,0,1,0,0,0,0,0,0,0,0,0,0,1,0,1,0,0,0,1,0,0,0,0,0,0,2,3,0,21,287,1577
1584,11,2,1,0,0,0,0,1,0,1,0,0,0,0,0,1,0,0,0,0,0,0,0,1,0,0,0,0,0,0,0,4,0,15,189,841
1585,6,2,1,1,0,0,0,0,0,0,1,0,1,0,0,0,0,0,0,0,0,0,0,1,0,0,0,0,0,0,2,1,1,14,238,1244
1586,12,0,0,0,0,0,0,0,0,0,0,0,0,0,0,0,0,0,0,0,0,0,0,0,0,0,0,0,0,0,0,0,0,20,317,1748
1587,12,0,0,0,0,0,0,1,0,0,0,0,0,0,0,0,0,0,0,0,0,0,0,0,0,0,0,0,0,0,1,0,0,17,237,1178
1588,11,2,1,2,0,0,1,0,0,1,1,0,0,0,0,0,0,0,0,0,0,0,0,1,0,0,0,0,0,0,3,3,0,19,217,1060
1594,12,0,2,0,0,0,0,0,0,0,0,0,0,0,0,0,0,0,0,0,0,0,0,2,0,0,0,0,0,0,0,1,1,16,393,2214
1595,8,7,1,1,5,0,1,0,0,2,0,0,0,1,0,0,0,0,0,4,0,0,0,1,0,0,0,0,0,0,4,10,0,20,347,2152
1596,6,14,0,0,1,0,2,1,0,3,1,0,1,7,0,0,0,1,1,0,0,0,0,0,0,0,0,0,0,0,2,15,1,15,179,1131
1597,6,0,3,0,0,0,1,0,0,0,0,0,0,0,0,0,0,0,0,0,0,0,0,3,0,0,0,0,0,0,0,1,3,9,161,991
1598,9,1,2,0,1,3,0,0,0,0,0,0,0,0,0,0,0,0,0,1,0,0,0,2,0,0,0,3,0,0,0,4,3,17,247,1438
1599,6,1,0,0,1,0,0,0,0,0,0,0,0,1,0,0,0,0,0,0,0,0,0,0,0,0,0,0,0,0,1,1,0,12,237,1468
1600,12,0,0,0,0,0,0,0,0,0,0,0,0,0,0,0,0,0,0,0,0,0,0,0,0,0,0,0,0,0,0,0,0,16,335,2081
1601,12,0,1,0,0,0,0,0,0,0,0,0,0,0,0,0,0,0,0,0,0,0,0,1,0,0,0,0,0,0,0,0,1,18,242,1428
1602,6,11,0,1,1,0,0,0,0,4,1,0,1,2,0,0,2,0,0,0,0,1,0,0,0,0,0,0,0,0,4,7,1,13,250,1497
1603,6,1,1,0,0,1,0,0,0,1,0,0,0,0,0,0,0,0,0,0,0,0,0,1,0,0,0,1,0,0,0,2,1,10,198,1114
1604,6,3,2,1,0,1,0,1,0,0,0,0,1,0,0,0,0,0,0,2,0,0,0,1,0,1,0,0,0,1,2,4,1,7,145,634
1607,11,5,0,0,0,0,1,0,0,3,0,0,1,0,0,0,0,0,0,1,0,0,0,0,0,0,0,0,0,0,1,5,0,33,398,2132
1619,12,1,0,0,0,0,0,0,0,0,0,0,0,0,0,0,0,0,0,1,0,0,0,0,0,0,0,0,0,0,0,1,0,15,223,1099
1622,10,2,0,0,1,1,0,0,0,0,0,0,0,1,0,0,1,0,0,0,0,0,0,0,0,0,0,1,0,0,2,2,0,15,274,1864
1632,9,5,2,0,2,0,0,0,0,0,0,0,0,0,1,1,1,1,0,1,0,0,0,1,1,0,0,0,0,0,5,2,2,16,209,939
1633,11,0,0,0,0,0,1,0,0,0,0,0,0,0,0,0,0,0,0,0,0,0,0,0,0,0,0,0,0,0,0,0,1,10,103,510
1634,10,2,1,1,0,0,0,2,0,0,0,0,0,1,0,0,0,0,1,0,0,0,0,1,0,0,0,0,0,0,1,4,1,15,236,1063
1636,12,1,0,0,0,1,0,1,0,1,0,0,0,0,0,0,0,0,0,0,0,0,0,0,0,0,0,0,0,1,1,2,0,32,446,2552
1637,11,1,1,0,0,0,0,0,0,0,0,0,0,0,0,0,0,0,0,1,0,0,0,1,0,0,0,0,0,0,0,2,0,15,174,887
1638,11,0,2,0,0,0,0,0,0,0,0,0,0,0,0,0,0,0,0,0,0,0,0,2,0,0,0,0,0,0,2,0,0,21,313,1945
1640,11,4,1,1,0,0,1,0,0,3,0,0,1,0,0,0,0,0,0,0,0,0,0,1,0,0,0,0,0,0,1,5,1,22,370,2232
1642,11,1,0,0,0,0,0,0,0,1,0,0,0,0,0,0,0,0,0,0,0,0,0,0,0,0,0,0,0,0,0,1,0,18,278,1705
1643,12,1,0,0,0,0,0,0,0,1,0,0,0,0,0,0,0,0,0,0,0,0,0,0,0,0,0,0,0,0,0,1,0,16,175,731
1644,11,0,0,0,0,0,0,0,0,0,0,0,0,0,0,0,0,0,0,0,0,0,0,0,0,0,0,0,0,0,0,0,0,16,240,1491
1645,8,7,3,0,0,0,0,4,0,1,4,1,0,0,0,0,0,0,0,1,0,0,0,0,0,3,0,0,0,0,6,8,0,17,236,1369
1649,6,3,0,0,0,0,0,0,0,2,0,0,1,0,0,0,0,0,0,0,0,0,0,0,0,0,0,0,0,0,0,3,0,14,171,836
1650,6,1,1,1,0,0,2,0,0,0,0,0,1,0,0,0,0,0,0,0,0,0,1,0,0,0,0,0,0,0,3,1,1,11,201,966
1651,10,3,0,0,1,0,0,0,0,1,0,0,0,0,0,1,0,0,0,1,0,0,0,0,0,0,0,0,0,0,0,4,0,17,253,1421
1652,12,0,0,0,0,0,0,0,0,0,0,0,0,0,0,0,0,0,0,0,0,0,0,0,0,0,0,0,0,0,0,0,0,25,267,1609
1678,10,2,0,0,0,0,2,0,0,0,1,0,0,0,0,1,0,0,0,0,0,0,0,0,0,0,0,0,0,0,1,2,1,15,262,1484
1679,11,0,0,7,0,1,0,0,0,0,0,0,0,0,0,0,0,0,0,0,0,0,0,0,0,0,0,1,0,0,4,3,1,18,296,2020
1681,12,0,1,0,0,0,0,0,0,0,0,0,0,0,0,0,0,0,0,0,0,0,0,0,1,0,0,0,0,0,0,1,0,22,580,3566
1682,12,0,0,0,0,0,0,0,0,0,0,0,0,0,0,0,0,0,0,0,0,0,0,0,0,0,0,0,0,0,0,0,0,5,97,496
1683,6,0,0,0,0,0,0,0,0,0,0,0,0,0,0,0,0,0,0,0,0,0,0,0,0,0,0,0,0,0,0,0,0,12,239,1466
1684,10,0,0,0,0,0,0,0,0,0,0,0,0,0,0,0,0,0,0,0,0,0,0,0,0,0,0,0,0,0,0,0,0,16,252,1528
1685,11,0,2,0,1,0,0,0,0,0,0,0,0,0,0,0,0,0,0,0,0,0,0,2,0,0,0,0,0,0,1,2,0,8,135,690
1692,11,0,2,0,0,0,0,2,0,0,0,0,0,0,0,0,0,0,0,0,0,0,0,2,0,0,0,0,0,0,0,3,1,25,396,2461
1693,12,0,0,0,0,0,0,0,0,0,0,0,0,0,0,0,0,0,0,0,0,0,0,0,0,0,0,0,0,0,0,0,0,7,98,533
1694,10,3,1,0,1,0,2,1,0,1,0,0,0,1,0,0,0,1,0,0,0,0,0,1,0,0,0,0,0,0,3,3,2,8,166,846
1695,9,1,0,0,0,0,0,0,0,1,0,0,0,0,0,0,0,0,0,0,0,0,0,0,0,0,0,0,0,0,0,1,0,5,59,297
1696,11,3,1,0,0,0,1,0,0,0,0,0,2,0,0,0,0,0,0,1,0,0,0,1,0,0,0,0,0,0,1,3,0,12,187,842
1697,9,5,1,2,0,0,2,0,0,2,0,0,0,0,0,0,0,0,0,3,0,0,0,1,0,0,0,0,0,0,2,8,0,13,195,1022
1698,12,1,0,0,0,1,0,0,0,0,0,0,0,0,0,0,0,0,0,1,0,0,0,0,0,0,0,1,0,0,1,1,0,14,195,924
1699,11,1,0,0,0,1,0,0,0,0,0,0,0,0,0,0,0,0,0,1,0,0,0,0,0,0,0,1,0,0,0,1,1,10,161,862
1700,12,1,0,0,0,0,0,0,0,1,0,0,0,0,0,0,0,0,0,0,0,0,0,0,0,0,0,0,0,0,0,1,0,12,150,743
1703,10,1,5,0,0,0,0,0,0,0,0,0,0,0,0,0,0,0,0,0,0,1,0,4,1,0,0,0,0,0,0,5,1,21,313,1626
1707,11,0,3,0,0,1,0,0,0,0,0,0,0,0,0,0,0,0,0,0,0,0,0,2,1,0,1,0,0,0,1,2,1,44,664,3499
1712,12,1,0,0,0,0,0,0,0,0,0,0,0,0,0,0,0,0,0,1,0,0,0,0,0,0,0,0,0,0,1,0,0,23,384,2057
1713,11,3,1,1,0,1,0,0,0,0,0,0,1,0,0,0,0,0,0,1,0,1,1,0,0,0,0,0,0,1,3,3,0,30,623,3186
1714,12,2,0,0,0,0,0,0,0,0,0,0,0,2,0,0,0,0,0,0,0,0,0,0,0,0,0,0,0,0,0,2,0,16,301,1463
1717,12,2,1,0,0,0,0,0,0,1,0,0,0,0,0,0,0,0,0,1,0,0,0,1,0,0,0,0,0,0,0,3,0,32,372,1965
1718,12,1,0,0,0,0,0,0,0,0,0,0,0,1,0,0,0,0,0,0,0,0,0,0,0,0,0,0,0,0,1,0,0,12,135,704
1719,10,3,6,0,0,1,1,1,0,0,1,0,0,2,0,0,0,0,0,0,0,0,1,5,0,0,0,1,0,0,3,7,2,31,489,2524
1720,10,1,2,0,0,1,0,2,0,0,0,0,0,1,0,0,0,0,0,0,0,0,0,2,0,0,1,0,0,0,0,3,3,23,533,2669
1722,12,1,0,0,0,0,1,0,0,0,0,0,0,1,0,0,0,0,0,0,0,0,0,0,0,0,0,0,0,0,1,0,1,24,500,2670
1723,12,2,1,1,0,0,0,0,0,1,0,0,0,0,0,0,0,0,0,1,0,0,0,0,0,1,0,0,0,0,3,1,0,23,401,1796
1728,9,3,0,0,0,1,0,0,0,1,1,0,0,0,0,0,0,0,0,0,0,1,0,0,0,0,0,1,0,0,1,3,0,28,338,1702
1730,11,1,0,1,0,0,0,0,0,0,0,0,0,1,0,0,0,0,0,0,0,0,0,0,0,0,0,0,0,0,1,1,0,16,200,1050
1731,8,8,1,0,7,0,1,1,0,4,1,0,2,0,0,0,0,0,0,1,0,0,0,1,0,0,0,0,0,0,6,10,2,20,310,1512
1732,9,2,1,0,0,2,0,0,0,1,0,0,1,0,0,0,0,0,0,0,0,0,0,1,0,0,0,0,0,2,2,2,1,20,208,1012
1733,11,0,1,2,0,0,0,0,0,0,0,0,0,0,0,0,0,0,0,0,0,0,0,1,0,0,0,0,0,0,2,0,1,20,249,1266
1734,12,2,0,0,0,0,0,0,0,2,0,0,0,0,0,0,0,0,0,0,0,0,0,0,0,0,0,0,0,0,0,2,0,23,328,1693
1735,8,5,0,0,6,0,1,0,0,2,0,0,0,1,0,0,0,1,0,1,0,0,0,0,0,0,0,0,0,0,5,6,1,16,252,1277
1736,6,3,0,0,0,1,0,0,0,1,0,0,0,1,0,0,0,1,0,0,0,0,0,0,0,0,0,1,0,0,0,3,1,12,194,972
1737,8,6,0,0,0,0,0,0,0,0,1,0,3,0,0,0,0,1,0,1,0,0,0,0,0,0,0,0,0,0,2,4,0,17,217,1110
1738,12,0,0,0,0,0,0,0,0,0,0,0,0,0,0,0,0,0,0,0,0,0,0,0,0,0,0,0,0,0,0,0,0,51,709,3513
1739,7,10,3,0,0,3,1,2,0,3,1,2,1,1,0,0,0,0,0,2,0,0,0,2,0,1,2,1,0,0,2,11,6,23,404,1990
1740,11,3,0,1,0,0,1,0,0,0,0,0,0,2,0,1,0,0,0,0,0,0,0,0,0,0,0,0,0,0,1,1,3,28,370,1918
1743,11,2,2,0,0,1,2,0,0,1,0,0,0,0,0,1,0,0,0,0,0,0,0,2,0,0,1,0,0,0,0,6,1,42,614,3166
1744,12,1,0,0,0,0,0,0,0,1,0,0,0,0,0,0,0,0,0,0,0,0,0,0,0,0,0,0,0,0,0,1,0,18,278,1559
1745,12,0,0,0,0,0,0,0,0,0,0,0,0,0,0,0,0,0,0,0,0,0,0,0,0,0,0,0,0,0,0,0,0,20,306,1596
1747,12,0,1,0,0,0,1,0,0,0,0,0,0,0,0,0,0,0,0,0,0,0,0,1,0,0,0,0,0,0,0,2,0,31,487,2576
1752,12,0,0,0,0,0,0,0,0,0,0,0,0,0,0,0,0,0,0,0,0,0,0,0,0,0,0,0,0,0,0,0,0,19,279,1649
1753,11,0,1,0,0,0,0,0,0,0,0,0,0,0,0,0,0,0,0,0,0,0,0,1,0,0,0,0,0,0,0,1,0,37,380,1941
1772,10,1,0,0,0,1,1,0,0,0,0,0,0,1,0,0,0,0,0,0,0,0,0,0,0,0,0,1,0,0,1,1,1,16,218,1330
1810,11,0,0,3,0,0,0,0,0,0,0,0,0,0,0,0,0,0,0,0,0,0,0,0,0,0,0,0,0,0,1,2,0,13,251,1505
1811,12,1,0,0,0,0,0,0,0,0,0,0,0,1,0,0,0,0,0,0,0,0,0,0,0,0,0,0,0,0,1,0,0,19,345,2038
1812,12,0,0,0,0,1,0,0,0,0,0,0,0,0,0,0,0,0,0,0,0,0,0,0,0,0,0,0,0,1,1,0,0,19,498,2603
1813,12,0,0,0,0,0,0,0,0,0,0,0,0,0,0,0,0,0,0,0,0,0,0,0,0,0,0,0,0,0,0,0,0,17,294,1509
1815,11,2,0,0,0,0,0,0,0,1,0,0,0,1,0,0,0,0,0,0,0,0,0,0,0,0,0,0,0,0,0,2,0,15,275,1472
1816,7,15,3,0,0,0,1,0,0,1,2,0,0,1,0,4,0,0,0,6,0,1,0,3,0,0,0,0,0,0,2,13,4,16,297,1479
1817,12,0,0,0,0,0,1,0,0,0,0,0,0,0,0,0,0,0,0,0,0,0,0,0,0,0,0,0,0,0,0,1,0,25,316,1622
1818,11,0,0,0,0,0,0,0,0,0,0,0,0,0,0,0,0,0,0,0,0,0,0,0,0,0,0,0,0,0,0,0,0,15,226,1103
1819,6,0,0,0,0,1,0,0,0,0,0,0,0,0,0,0,0,0,0,0,0,0,0,0,0,0,1,0,0,0,0,1,0,13,185,882
1822,6,2,3,0,0,0,0,0,0,0,0,0,0,2,0,0,0,0,0,0,0,0,0,3,0,0,0,0,0,0,0,2,3,14,217,1003
1850,10,0,4,0,0,0,0,0,0,0,0,0,0,0,0,0,0,0,0,0,0,0,0,3,1,0,0,0,0,0,0,2,2,12,233,1173
1851,6,9,6,0,0,0,1,2,0,0,3,0,0,1,0,0,0,0,0,3,0,2,0,3,3,0,0,0,0,0,3,9,6,15,184,964
1852,7,8,6,2,0,0,0,0,0,1,3,0,0,4,0,0,0,0,0,0,0,0,0,6,0,0,0,0,0,0,5,6,5,12,150,853
1853,10,2,2,0,0,1,0,0,0,1,0,0,1,0,0,0,0,0,0,0,0,0,0,2,0,0,0,1,0,0,0,3,2,12,220,1114
1854,12,0,2,1,0,0,0,0,0,0,0,0,0,0,0,0,0,0,0,0,0,0,0,2,0,0,0,0,0,0,2,1,0,19,192,972
1862,12,0,0,0,0,0,0,0,0,0,0,0,0,0,0,0,0,0,0,0,0,0,0,0,0,0,0,0,0,0,0,0,0,23,361,1828
1863,9,7,1,4,1,0,0,0,0,2,2,0,0,0,0,0,0,3,0,0,0,0,0,1,0,0,0,0,0,0,7,5,1,17,305,1638
1864,10,4,0,1,3,1,0,1,0,1,0,0,1,1,0,0,0,0,0,1,0,0,0,0,0,0,1,0,0,0,2,5,3,38,600,3148
1865,12,3,0,0,0,1,1,0,0,0,3,0,0,0,0,0,0,0,0,0,0,0,0,0,0,0,0,1,0,0,2,2,1,30,449,2345
1867,12,2,1,0,0,0,0,0,0,2,0,0,0,0,0,0,0,0,0,0,0,0,0,1,0,0,0,0,0,0,0,3,0,18,237,1140
1869,11,0,1,0,0,0,0,0,0,0,0,0,0,0,0,0,0,0,0,0,0,0,0,1,0,0,0,0,0,0,0,0,1,23,294,1489
1870,10,5,0,2,0,0,2,2,0,0,3,0,0,1,0,0,0,0,0,1,0,0,0,0,0,0,0,0,0,0,6,5,0,23,377,1996
1871,11,1,1,0,0,0,0,0,0,0,0,0,0,0,0,0,0,1,0,0,0,0,0,0,0,1,0,0,0,0,1,0,0,6,61,265
1872,12,0,2,0,0,0,0,0,0,0,0,0,0,0,0,0,0,0,0,0,0,0,0,1,0,1,0,0,0,0,0,1,1,16,192,977
1873,10,4,1,0,2,0,0,0,0,2,1,0,0,0,0,0,0,1,0,0,0,0,0,0,0,1,0,0,0,0,4,3,0,8,82,326
1874,11,5,1,0,1,0,0,1,0,3,1,0,1,0,0,0,0,0,0,0,0,0,0,1,0,0,0,0,0,0,2,3,2,39,500,2558
1875,12,1,0,0,0,0,0,0,0,0,0,0,0,1,0,0,0,0,0,0,0,0,0,0,0,0,0,0,0,0,0,1,0,12,205,1027
1876,12,1,0,0,0,0,0,0,0,0,0,0,0,0,0,0,0,0,0,0,0,1,0,0,0,0,0,0,0,0,0,0,0,34,548,2897
1877,9,6,2,0,0,1,1,0,0,2,0,0,0,1,0,2,0,1,0,0,0,0,0,1,1,0,0,1,0,0,2,6,2,18,218,975
1878,12,1,1,1,0,0,0,0,0,1,0,0,0,0,0,0,0,0,0,0,0,0,0,1,0,0,0,0,0,0,1,2,0,23,216,982
1880,12,2,0,0,0,0,0,0,0,1,1,0,0,0,0,0,0,0,0,0,0,0,0,0,0,0,0,0,0,0,1,1,0,17,274,1314
1881,10,1,0,3,1,0,1,0,0,0,0,0,0,0,0,0,0,1,0,0,0,0,0,0,0,0,0,0,0,0,3,3,0,8,75,302
1882,9,4,1,0,0,0,0,1,0,0,3,0,0,0,0,0,0,0,0,0,0,1,0,1,0,0,0,0,0,0,0,6,0,16,156,727
1884,12,1,1,2,0,0,0,0,0,0,0,0,1,0,0,0,0,0,0,0,0,0,0,1,0,0,0,0,0,0,2,2,0,19,213,980
1886,11,1,0,1,0,1,0,0,0,0,1,0,0,0,0,0,0,0,0,0,0,0,0,0,0,0,0,1,0,0,2,1,0,7,67,286
1887,9,4,0,0,0,0,0,0,0,2,2,0,0,0,0,0,0,0,0,0,0,0,0,0,0,0,0,0,0,0,2,2,0,8,76,332
1889,12,1,1,1,1,0,1,0,0,0,0,0,0,1,0,0,0,0,0,0,0,0,0,1,0,0,0,0,0,0,2,2,1,29,535,2654
1890,12,0,0,0,0,0,0,0,0,0,0,0,0,0,0,0,0,0,0,0,0,0,0,0,0,0,0,0,0,0,0,0,0,15,176,898
1891,12,0,0,1,0,1,0,0,0,0,0,0,0,0,0,0,0,0,0,0,0,0,0,0,0,0,0,1,0,0,1,0,1,19,213,980
1892,9,8,1,1,1,0,0,0,0,5,0,0,0,0,0,0,1,1,0,1,0,0,0,1,0,0,0,0,0,0,2,8,1,16,182,910
1896,12,2,0,0,1,0,0,1,0,0,0,0,1,0,0,0,1,0,0,0,0,0,0,0,0,0,0,0,0,0,1,3,0,12,206,979
1897,11,2,2,0,0,0,0,1,0,2,0,0,0,0,0,0,0,0,0,0,0,0,0,2,0,0,0,0,0,0,0,4,1,15,142,641
1898,11,8,0,0,0,0,2,1,0,1,2,0,0,1,0,0,1,0,0,3,0,0,0,0,0,0,0,0,0,0,4,7,0,27,387,1979
1900,12,3,0,0,0,0,0,0,0,2,1,0,0,0,0,0,0,0,0,0,0,0,0,0,0,0,0,0,0,0,1,2,0,18,175,824
1901,11,0,0,0,0,0,0,0,0,0,0,0,0,0,0,0,0,0,0,0,0,0,0,0,0,0,0,0,0,0,0,0,0,15,148,664
1902,6,4,1,1,1,0,0,0,0,0,0,0,1,2,0,0,0,0,0,1,0,0,0,1,0,0,0,0,0,0,1,6,0,8,97,484
1903,11,1,1,0,0,0,0,0,0,1,0,0,0,0,0,0,0,0,0,0,0,0,0,1,0,0,0,0,0,0,0,1,1,16,192,996
1904,10,3,0,1,2,0,1,1,0,0,0,0,1,0,0,0,0,2,0,0,0,0,0,0,0,0,0,0,0,0,4,4,0,19,316,1642
1906,10,4,2,1,2,0,0,0,0,2,0,0,1,0,0,0,0,1,0,0,0,0,1,1,0,0,0,0,0,0,3,5,1,28,400,1905
1931,7,13,3,1,3,0,0,0,0,2,5,0,2,0,0,0,1,3,0,0,0,0,0,3,0,0,0,0,0,0,6,12,2,12,137,601
1934,9,5,1,0,1,0,3,0,0,3,0,0,0,0,0,0,0,1,0,1,0,0,0,1,0,0,0,0,0,0,1,8,1,17,201,954
1935,12,0,0,0,0,0,0,0,0,0,0,0,0,0,0,0,0,0,0,0,0,0,0,0,0,0,0,0,0,0,0,0,0,19,370,2006
1938,12,1,0,0,0,0,0,0,0,0,0,0,0,0,0,0,0,0,0,1,0,0,0,0,0,0,0,0,0,0,0,1,0,16,147,592
1939,10,2,1,1,0,0,0,0,0,1,0,0,0,0,0,0,0,1,0,0,0,0,0,1,0,0,0,0,0,0,1,2,1,12,106,418
1940,6,2,0,0,0,0,0,0,0,2,0,0,0,0,0,0,0,0,0,0,0,0,0,0,0,0,0,0,0,0,0,2,0,11,265,1314
1943,12,1,0,1,0,0,0,0,0,0,0,0,0,0,0,0,0,0,0,0,0,1,0,0,0,0,0,0,0,0,2,0,0,15,262,1319
1946,8,5,1,0,1,0,0,0,0,1,1,0,2,0,0,0,0,1,0,0,0,0,0,0,0,1,0,0,0,0,2,4,1,16,136,580
1947,12,0,0,0,0,0,0,1,0,0,0,0,0,0,0,0,0,0,0,0,0,0,0,0,0,0,0,0,0,0,1,0,0,31,532,2737
1948,9,1,0,0,0,0,0,0,0,1,0,0,0,0,0,0,0,0,0,0,0,0,0,0,0,0,0,0,0,0,0,0,1,19,182,774
1949,8,5,1,0,0,0,1,0,0,2,0,0,0,0,0,0,0,0,0,3,0,0,0,1,0,0,0,0,0,0,0,5,2,31,500,2598
1950,10,5,1,0,0,0,0,0,0,1,1,0,0,0,0,0,0,0,0,3,0,0,1,0,0,0,0,0,0,0,1,5,0,25,412,2107
1953,11,1,0,0,0,0,1,0,0,1,0,0,0,0,0,0,0,0,0,0,0,0,0,0,0,0,0,0,0,0,0,1,1,17,255,1342
1954,10,3,1,0,0,0,0,0,0,1,0,0,0,0,0,2,0,0,0,0,0,0,0,1,0,0,0,0,0,0,0,1,3,17,151,671
1956,12,1,0,1,4,0,0,0,0,0,0,0,1,0,0,0,0,0,0,0,0,0,0,0,0,0,0,0,0,0,5,0,1,23,279,1269
1957,10,6,1,1,0,0,0,2,0,1,1,0,0,0,0,0,0,0,0,4,0,0,0,1,0,0,0,0,0,0,4,5,1,34,486,2603
1958,9,6,0,1,0,0,0,0,0,4,0,0,1,0,0,0,0,0,0,1,0,0,0,0,0,0,0,0,0,0,2,5,0,15,139,593
1959,12,2,0,0,0,0,0,0,0,0,0,0,2,0,0,0,0,0,0,0,0,0,0,0,0,0,0,0,0,0,0,2,0,14,141,592
1961,10,3,3,0,0,0,1,0,0,0,1,0,0,0,0,0,0,0,0,2,0,0,1,2,0,0,0,0,0,0,3,2,2,21,240,1114
1962,9,5,1,0,0,0,0,0,0,2,0,0,1,1,0,0,0,1,0,0,0,0,0,1,0,0,0,0,0,0,0,6,0,14,181,744
1963,8,2,0,0,1,0,0,0,0,0,0,0,1,1,0,0,0,0,0,0,0,0,0,0,0,0,0,0,0,0,0,2,1,9,74,319
1964,12,0,0,0,0,0,0,0,0,0,0,0,0,0,0,0,0,0,0,0,0,0,0,0,0,0,0,0,0,0,0,0,0,15,139,582
1967,8,14,2,0,0,0,0,0,0,5,1,0,1,0,0,1,2,0,0,4,0,0,0,2,0,0,0,0,0,0,1,14,1,28,378,1859
1968,11,3,1,0,0,1,1,1,0,1,0,0,1,0,0,0,1,0,0,0,0,0,0,1,0,0,0,1,0,0,0,5,2,27,361,1910
1969,10,6,0,0,0,0,3,0,0,1,1,0,0,3,0,0,0,0,0,1,0,0,0,0,0,0,0,0,0,0,1,6,2,28,340,1757
1971,12,2,0,0,0,0,0,0,0,2,0,0,0,0,0,0,0,0,0,0,0,0,0,0,0,0,0,0,0,0,0,2,0,24,273,1597
1972,12,0,0,0,0,0,1,0,0,0,0,0,0,0,0,0,0,0,0,0,0,0,0,0,0,0,0,0,0,0,0,1,0,37,468,2613
1973,6,0,0,0,0,0,0,0,0,0,0,0,0,0,0,0,0,0,0,0,0,0,0,0,0,0,0,0,0,0,0,0,0,10,131,661
1974,12,1,0,0,0,0,0,0,0,0,0,0,0,0,0,0,0,0,0,1,0,0,0,0,0,0,0,0,0,0,0,1,0,30,379,2104
1975,12,0,0,0,0,0,0,0,0,0,0,0,0,0,0,0,0,0,0,0,0,0,0,0,0,0,0,0,0,0,0,0,0,35,367,2081
1976,8,25,1,0,0,0,3,0,0,1,18,0,0,0,0,0,0,4,0,2,0,0,0,1,0,0,0,0,0,0,20,9,0,23,275,1233
1977,11,1,0,1,0,0,1,1,0,0,0,0,0,0,0,0,0,0,0,1,0,0,0,0,0,0,0,0,0,0,1,1,2,21,216,1008
1978,11,3,0,0,0,0,0,0,0,0,2,0,0,0,0,0,0,0,0,1,0,0,0,0,0,0,0,0,0,0,3,0,0,29,392,2057
1979,8,9,4,0,0,0,0,1,0,4,0,0,1,0,0,0,0,1,0,3,0,0,1,3,0,0,0,0,0,0,0,12,1,25,267,1361
1981,11,1,0,0,0,0,1,0,0,0,0,0,0,0,0,0,0,1,0,0,0,0,0,0,0,0,0,0,0,0,0,1,1,35,332,1876
1982,8,6,0,0,0,0,0,0,0,3,0,0,2,1,0,0,0,0,0,0,0,0,0,0,0,0,0,0,0,0,0,6,0,12,91,369
1983,11,2,0,0,0,1,3,0,0,1,1,0,0,0,0,0,0,0,0,0,0,0,0,0,0,0,0,0,0,1,3,3,0,19,216,956
1984,7,0,1,0,0,0,6,0,0,0,0,0,0,0,0,0,0,0,0,0,0,0,0,1,0,0,0,0,0,0,1,5,1,18,136,614
1985,12,0,0,0,0,0,0,0,0,0,0,0,0,0,0,0,0,0,0,0,0,0,0,0,0,0,0,0,0,0,0,0,0,31,452,2212
1986,12,2,0,0,0,0,0,0,0,0,0,0,1,0,0,0,0,0,0,1,0,0,0,0,0,0,0,0,0,0,0,2,0,22,236,1082
1987,9,4,0,0,1,0,2,0,0,0,2,0,0,0,0,0,0,0,0,2,0,0,0,0,0,0,0,0,0,0,4,2,1,16,166,789
1988,10,1,0,0,0,0,0,0,0,0,1,0,0,0,0,0,0,0,0,0,0,0,0,0,0,0,0,0,0,0,1,0,0,16,240,1083
1989,10,2,2,0,0,0,1,0,0,0,1,0,0,0,0,0,0,1,0,0,0,0,0,2,0,0,0,0,0,0,1,4,0,17,189,849
1990,11,6,0,1,4,0,1,0,0,3,0,0,1,0,0,1,0,1,0,0,0,0,0,0,0,0,0,0,0,0,5,5,1,28,444,2182
1991,9,4,2,0,0,0,3,1,0,2,1,0,0,0,0,1,0,0,0,0,0,0,0,2,0,0,0,0,0,0,2,7,1,21,266,1233
1992,8,13,2,0,0,0,0,0,0,4,1,0,3,0,0,0,0,5,0,0,0,0,0,2,0,0,0,0,0,0,0,15,0,16,269,1292
1998,10,1,3,0,0,0,1,0,0,0,0,0,0,1,0,0,0,0,0,0,0,0,0,2,1,0,0,0,0,0,0,2,3,16,202,900
1999,12,4,0,0,0,0,0,0,0,0,1,0,3,0,0,0,0,0,0,0,0,0,0,0,0,0,0,0,0,0,1,3,0,16,166,614
2000,12,0,0,0,0,0,0,0,0,0,0,0,0,0,0,0,0,0,0,0,0,0,0,0,0,0,0,0,0,0,0,0,0,9,94,378
2002,12,0,0,0,0,0,0,0,0,0,0,0,0,0,0,0,0,0,0,0,0,0,0,0,0,0,0,0,0,0,0,0,0,18,205,968
2004,12,0,0,0,0,0,0,0,0,0,0,0,0,0,0,0,0,0,0,0,0,0,0,0,0,0,0,0,0,0,0,0,0,24,295,1571
2005,12,1,0,0,0,0,0,0,0,0,0,0,0,1,0,0,0,0,0,0,0,0,0,0,0,0,0,0,0,0,0,1,0,19,252,1129
2006,11,0,2,0,0,0,0,0,0,0,0,0,0,0,0,0,0,0,0,0,0,0,0,2,0,0,0,0,0,0,0,0,2,15,181,789
2007,7,29,9,4,3,0,2,1,0,10,5,0,4,0,0,5,0,1,1,3,0,0,0,8,0,1,0,0,0,0,13,30,5,52,609,2928
2008,12,0,0,0,0,0,0,0,0,0,0,0,0,0,0,0,0,0,0,0,0,0,0,0,0,0,0,0,0,0,0,0,0,17,224,959
2010,6,8,0,0,2,0,2,0,0,1,7,0,0,0,0,0,0,0,0,0,0,0,0,0,0,0,0,0,0,0,10,2,0,14,156,728
2011,11,2,0,0,0,0,0,1,0,0,1,0,0,0,0,1,0,0,0,0,0,0,0,0,0,0,0,0,0,0,2,1,0,18,282,1679
2012,12,0,0,0,0,0,0,0,0,0,0,0,0,0,0,0,0,0,0,0,0,0,0,0,0,0,0,0,0,0,0,0,0,36,446,2445
2014,11,0,0,0,0,0,0,0,0,0,0,0,0,0,0,0,0,0,0,0,0,0,0,0,0,0,0,0,0,0,0,0,0,23,222,1118
2017,11,1,0,0,0,0,1,0,0,0,0,0,0,1,0,0,0,0,0,0,0,0,0,0,0,0,0,0,0,0,0,2,0,15,198,873
2018,11,12,1,0,0,1,0,0,0,1,11,0,0,0,0,0,0,0,0,0,0,0,0,1,0,0,0,1,0,0,11,2,1,47,562,3006
2020,12,1,0,0,0,0,0,0,0,0,0,0,0,0,0,1,0,0,0,0,0,0,0,0,0,0,0,0,0,0,0,1,0,16,207,1089
2021,10,3,0,0,2,0,0,1,0,2,0,0,0,0,0,0,0,0,0,1,0,0,0,0,0,0,0,0,0,0,2,4,0,27,351,1839
2023,6,1,1,0,0,0,0,0,0,0,0,0,1,0,0,0,0,0,0,0,0,0,0,1,0,0,0,0,0,0,0,1,1,14,169,818
2026,5,34,6,1,1,0,3,4,0,2,11,0,1,2,0,5,0,6,0,7,0,0,1,4,0,1,0,0,0,0,15,26,8,18,215,977
2027,5,13,7,1,0,1,1,4,0,4,5,0,0,0,0,1,0,3,0,0,0,0,0,5,0,2,0,1,0,0,10,13,4,19,166,710
2028,8,7,0,1,0,0,1,0,0,1,1,0,0,0,0,2,0,0,1,2,0,0,0,0,0,0,0,0,0,0,1,6,2,24,259,1297
2029,11,1,0,8,0,0,3,0,0,0,0,0,0,0,0,0,0,1,0,0,0,0,0,0,0,0,0,0,0,0,8,4,0,32,458,2331
2030,12,0,0,0,0,0,0,0,0,0,0,0,0,0,0,0,0,0,0,0,0,0,0,0,0,0,0,0,0,0,0,0,0,40,438,2234
2031,10,3,0,0,0,0,0,1,0,0,0,0,0,0,0,0,0,0,0,3,0,0,0,0,0,0,0,0,0,0,0,3,1,32,301,1459
2032,9,0,0,4,6,0,1,0,0,0,0,0,0,0,0,0,0,0,0,0,0,0,0,0,0,0,0,0,0,0,8,2,1,18,264,1359
2033,12,0,0,0,0,0,0,0,0,0,0,0,0,0,0,0,0,0,0,0,0,0,0,0,0,0,0,0,0,0,0,0,0,34,448,2237
2034,9,9,1,1,3,0,1,0,0,2,0,0,0,2,0,1,0,2,0,2,0,0,1,0,0,0,0,0,0,0,4,9,2,35,386,1923
2035,9,4,0,1,2,0,2,0,0,0,0,0,0,0,0,0,0,2,0,2,0,0,0,0,0,0,0,0,0,0,1,8,0,24,234,1155
2036,9,7,0,1,1,0,4,1,0,1,1,0,0,0,0,0,0,0,0,5,0,0,0,0,0,0,0,0,0,0,4,8,2,32,346,1769
2037,9,0,1,5,1,0,4,1,0,0,0,0,0,0,0,0,0,0,0,0,0,0,0,1,0,0,0,0,0,0,4,6,2,35,437,2270
2039,12,1,1,0,0,0,0,0,0,0,0,0,0,0,0,0,0,0,0,1,0,0,0,0,1,0,0,0,0,0,0,1,1,21,245,1202
2040,12,2,0,1,0,1,0,0,0,1,0,0,0,0,0,0,0,1,0,0,0,0,0,0,0,0,0,1,0,0,2,2,0,19,192,875
2055,11,2,1,0,1,0,0,0,0,0,1,0,0,0,0,0,0,0,0,1,0,0,0,1,0,0,0,0,0,0,1,3,0,18,203,983
2056,9,2,0,0,1,0,0,0,0,2,0,0,0,0,0,0,0,0,0,0,0,0,0,0,0,0,0,0,0,0,0,3,0,14,306,1470
2060,12,0,0,0,0,0,0,0,0,0,0,0,0,0,0,0,0,0,0,0,0,0,0,0,0,0,0,0,0,0,0,0,0,17,170,742
2061,12,0,1,0,0,0,0,0,0,0,0,0,0,0,0,0,0,0,0,0,0,0,0,1,0,0,0,0,0,0,0,1,0,24,354,1720
2063,8,1,1,0,1,0,0,1,0,1,0,0,0,0,0,0,0,0,0,0,0,0,0,1,0,0,0,0,0,0,1,3,0,15,150,679
2066,11,1,2,0,1,0,0,0,0,0,0,0,0,1,0,0,0,0,0,0,0,0,0,2,0,0,0,0,0,0,0,2,2,24,302,1334
2069,12,0,0,0,0,0,0,0,0,0,0,0,0,0,0,0,0,0,0,0,0,0,0,0,0,0,0,0,0,0,0,0,0,39,527,2700
2070,10,2,0,0,0,0,0,0,0,1,1,0,0,0,0,0,0,0,0,0,0,0,0,0,0,0,0,0,0,0,1,1,0,15,232,1136
2071,10,2,0,0,0,1,1,0,0,0,1,0,0,1,0,0,0,0,0,0,0,0,0,0,0,0,0,0,0,1,2,2,0,15,222,1005
2073,6,0,1,0,1,0,0,2,0,0,0,0,0,0,0,0,0,0,0,0,0,0,0,0,0,1,0,0,0,0,1,2,1,8,54,251
2074,9,1,0,0,0,0,1,0,0,0,0,0,0,0,0,0,0,0,1,0,0,0,0,0,0,0,0,0,0,0,1,1,0,15,145,658
